,Prior L2 0.0,0,0.0612244897959184,0.122448979591837,0.183673469387755,0.244897959183674,0.306122448979592,0.36734693877551,0.428571428571429,0.489795918367347,0.551020408163265,0.612244897959184,0.673469387755102,0.73469387755102,0.795918367346939,0.857142857142857,0.918367346938776,0.979591836734694,1.04081632653061,1.10204081632653,1.16326530612245,1.22448979591837,1.28571428571429,1.3469387755102,1.40816326530612,1.46938775510204,1.53061224489796,1.59183673469388,1.6530612244898,1.71428571428571,1.77551020408163,1.83673469387755,1.89795918367347,1.95918367346939,2.02040816326531,2.08163265306123,2.14285714285714,2.20408163265306,2.26530612244898,2.3265306122449,2.38775510204082,2.44897959183674,2.51020408163265,2.57142857142857,2.63265306122449,2.69387755102041,2.75510204081633,2.81632653061225,2.87755102040816,2.93877551020408,3,Type
MSCI Asia ex Japan,0.0600470985028006,0.0279482597380864,0.0127923975954422,0.0112465268474959,0.0110001777440197,0.0115452347643867,0.0124565599502284,0.0139093489873664,0.015895512863549,0.0186220748134566,0.0226874018556109,0.0293954389809226,0.0394120638175324,0.0476263921842466,0.0522892838204402,0.0552489499749132,0.057189674234384,0.0584008020371928,0.0594239544058261,0.0602761785369114,0.0606505789545057,0.0610704041242134,0.0614065487754338,0.0616805405265111,0.0619077641706155,0.0621017477710373,0.0622673856051383,0.0624115727223533,0.0625397187255075,0.0626603061096491,0.0627671647929046,0.0628655650857183,0.0629559002688663,0.0630372568856169,0.0631087726102339,0.0631682551576483,0.0632165131775725,0.0632557932487979,0.0632752247523025,0.0632884549739351,0.0632937399563427,0.0632883592308554,0.063280575911328,0.063269003987202,0.0632511140862673,0.0632296547295426,0.0632083561430345,0.0631811852184228,0.0631506085087194,0.0631200354822583,0.0630891180287055,Posterior
MSCI CH,0.00884639909627503,0.0411519371916316,0.0135688178907047,0.0107635024582204,0.00983730046731693,0.00976669403067652,0.0100370792170818,0.0106821678475758,0.0116511539188889,0.0130915966862089,0.0152956048043589,0.0190449669003654,0.024593280408452,0.0284333799928497,0.0300747799166677,0.0306450468622156,0.0306311121967099,0.0303949323208741,0.02998202937328,0.0293211993199139,0.0289038145976788,0.0283271791882271,0.0277550553665082,0.0271962433963764,0.0266558933179121,0.0261378183243196,0.0256418972784291,0.0251688292657026,0.0247186795328526,0.0242927318137249,0.0238866372978877,0.0235006805664673,0.023133374789387,0.0227829013006676,0.0224476214399592,0.0221255673713587,0.0218159601790384,0.0215185873376462,0.0212288772726877,0.0209506496217976,0.0206825181730056,0.0204228797035412,0.0201737322019997,0.0199339636927533,0.0197021777613346,0.0194786854746541,0.0192641037825274,0.0190560970992196,0.0188549789833754,0.0186613424774128,0.0184746748760909,Posterior
MSCI EMEA,0.00720948270721343,-0.0111800614884889,-0.00566089366014815,-0.00504553058125331,-0.00490531279994579,-0.00505205256795734,-0.00529977204041492,-0.00571064944914906,-0.00624577333283838,-0.00699777542058427,-0.00811362765786711,-0.00998231883358595,-0.0126924900720474,-0.0144241791460011,-0.0149723500745044,-0.0149313328102377,-0.0145802586059445,-0.0140768825340634,-0.0135199957778756,-0.0128899134886592,-0.0123616373668091,-0.0117596650922662,-0.0111729766862593,-0.0106061421981259,-0.0100615638598302,-0.00954063189347187,-0.00904295517297021,-0.00856827343092124,-0.0081159707479167,-0.00768572377982444,-0.00727537313307388,-0.00688427550786995,-0.00651124257837151,-0.00615504372611351,-0.00581456008974612,-0.00548865754111416,-0.00517656090840097,-0.00487765887056268,-0.00459040326603862,-0.00431516724200972,-0.00405115122393298,-0.0037975786161296,-0.00355437234590907,-0.00332087248633034,-0.00309642193298792,-0.0028806778142555,-0.00267333672533564,-0.00247369853812981,-0.00228147628640388,-0.00209640899708235,-0.00191811057117098,Posterior
MSCI Europe Ex UK Ex CH,0.0496316705939477,0.0118886494916625,0.00411215876369623,0.00456570874730707,0.00529863060319194,0.00626928059449741,0.00738956983944254,0.00880836084089285,0.0105528268521455,0.0128821226403514,0.0161993782332131,0.0215281379619268,0.0294599782815303,0.0361047699556248,0.0401423999794468,0.0428831919110833,0.0447993391459723,0.0461665665350617,0.0472690362851972,0.0481588273080078,0.0486755121357161,0.0492060744990877,0.0496446448487914,0.0500119281732086,0.0503232733472964,0.0505921510403255,0.0508246628883465,0.0510282317078338,0.0512088097260138,0.0513746455115341,0.0515217991800778,0.0516555365995833,0.0517769876800521,0.0518860896458783,0.0519827249911677,0.0520655952226769,0.0521357992926794,0.0521955715155337,0.0522362675372679,0.0522694371830074,0.0522938963725674,0.0523076191436037,0.052317631743905,0.0523229655431832,0.0523216840454042,0.0523161958197856,0.0523097101706383,0.052297344897308,0.0522812365527173,0.052264293374122,0.0522463069492013,Posterior
MSCI Japan,0.0258748344936105,0.0233477670288037,0.012370253087422,0.0114718677324875,0.0115096546120644,0.0121647715043566,0.0130551940660314,0.0144173123167416,0.0162026552863432,0.018620714794905,0.0222088779796499,0.0281437983469048,0.0368951970880512,0.0435789916255382,0.0468231156898299,0.0484363250872194,0.0491206683623456,0.0491691524855729,0.049085051750797,0.0489075358280639,0.0483955184150126,0.0479275798969755,0.0474323269402153,0.0469268709424053,0.0464223922714275,0.0459278770806547,0.0454454311694025,0.0449784558411748,0.0445291343341931,0.044101727616145,0.0436901676364407,0.0432965762439322,0.0429197206038418,0.0425575940458602,0.0422083592357553,0.0418694215998885,0.041540294344309,0.0412214954538418,0.0409050876555392,0.0405991503787483,0.040301754527716,0.0400104486631352,0.0397297797844435,0.0394581877310054,0.0391934783894381,0.0389367909990489,0.0386898677306748,0.0384484944369794,0.0382137214305231,0.0379871634145537,0.0377681745363248,Posterior
MSCI Latam,0.0043841868506906,-0.011099208428853,-0.00781159745473204,-0.00799162977802155,-0.00847909376760879,-0.00926601920323776,-0.0101210613902731,-0.0112934106739697,-0.012705934831923,-0.0145217271679922,-0.0171613515648457,-0.0214713429831885,-0.027718326448618,-0.032264282514505,-0.0340664472023968,-0.034571459209395,-0.0343595394621646,-0.0336229736139458,-0.0328534061129523,-0.0320676472539702,-0.0311120349976999,-0.0301361332181119,-0.0291671644838769,-0.0282178944100058,-0.0272960670715102,-0.0264071416940748,-0.0255519273681957,-0.0247316351726455,-0.0239464951132435,-0.0231976428899815,-0.0224806379507364,-0.0217954187630135,-0.0211401621707483,-0.0205127290047066,-0.0199111590374289,-0.019333232082272,-0.018777806617133,-0.0182442220428507,-0.0177281608217092,-0.0172324173840281,-0.0167553565149853,-0.0162952302540888,-0.01585318832734,-0.0154278733404565,-0.0150177627939665,-0.0146226803004414,-0.0142426615493535,-0.0138755698476665,-0.013521273393315,-0.0131798298692519,-0.0128505058514036,Posterior
MSCI North America,0.356112848118564,-0.0165027307104512,0.0104707921368584,0.0162269298786542,0.0212287158540038,0.0269534627513244,0.0334235669561821,0.0414487604241195,0.0513324619839529,0.0643854101026395,0.0828580732440161,0.112365274435483,0.156567913045915,0.195333644245162,0.220310501105427,0.238397955624812,0.25195302905822,0.262698671391599,0.271730368379576,0.278867338333738,0.284854664223254,0.290253218961205,0.295004573114781,0.299229985936884,0.303022176305281,0.306464838051145,0.309598470067301,0.312472147396145,0.315126460711895,0.31761652885015,0.319922267927305,0.322080164295924,0.324101023996362,0.32598789705821,0.327743180795493,0.329361503864937,0.33085237713175,0.33223239247978,0.33344867284239,0.334576803555409,0.335611292072773,0.336540989928746,0.337412853954701,0.338222449941864,0.338958879505706,0.339639235933683,0.340285832664332,0.340868301113831,0.341401773691358,0.341906443120355,0.342382136026659,Posterior
MSCI UK,0.0174236928240574,-0.0296593952313316,-0.00713893830840428,-0.0048839285975588,-0.00389294321267849,-0.00337098367945813,-0.00299523080902575,-0.00274370980009479,-0.00254905086258135,-0.0023832673710552,-0.00227400815532956,-0.00222616071785967,-0.0021173598765348,-0.0015982757839089,-0.000896996608523272,-0.000123842834964449,0.000632356510380628,0.00155368703996844,0.0022854449429854,0.00266104560895611,0.00356051109862191,0.00414451008714476,0.00468751921857247,0.0051930804884445,0.00566458466439602,0.00610540509437657,0.00651809660938843,0.00690529647420858,0.00726939777903459,0.00761307138202711,0.00793711332746229,0.00824353062281804,0.00853361592464922,0.00880835552499588,0.00906861248341004,0.00931494110454704,0.00954823218823898,0.00976953449435175,0.00997779256651056,0.0101756972450656,0.0103635374906729,0.0105413687408414,0.0107110334938177,0.0108727629797701,0.0110265385046137,0.0111732149760074,0.0113138186883355,0.0114476134771927,0.011575342672584,0.0116979216807583,0.0118155694205887,Posterior
Small Cap CH,0.0027136357873315,0.00367977576514053,0.00574836935919184,0.00556901514283138,0.00555465262306301,0.005772284851289,0.00608181885648575,0.00657868413875563,0.0072447881162166,0.00818081391874177,0.0095835326248131,0.0119347308253888,0.015382765596088,0.0177887039271149,0.0187878528486897,0.0191026237686169,0.0190464625129044,0.0187782937862599,0.0184466524851591,0.0180588196861239,0.0176390620521883,0.0172087213636646,0.0167830582564306,0.0163678515420948,0.0159664726090851,0.0155813421125897,0.0152124260237756,0.014860120417846,0.0145243942625924,0.014205893769089,0.013901947010662,0.0136125930602283,0.0133368328584491,0.0130734794865549,0.0128214599745433,0.0125795269293996,0.0123471203740765,0.0121240007872394,0.0119074875404724,0.0116996280206776,0.0114995366813936,0.0113062202394038,0.0111206869250936,0.0109422190571349,0.0107699552372813,0.0106039765661087,0.0104445301116468,0.010290262087613,0.0101412670382889,0.00999778751323497,0.00985947205495143,Posterior
Small Cap US,0.0170214530588278,0.00884688714071742,-0.00163448612995412,-0.00197665057139562,-0.00182966653737479,-0.0015858147438515,-0.00128720608236872,-0.00094369958439958,-0.00057381955889056,-0.000140190056041458,0.000406038794611753,0.0011824790469313,0.00235789630993998,0.0037603298508715,0.00495473281974702,0.00600203553305337,0.00691573845528236,0.00762927017593201,0.00833972992258889,0.00905082090551267,0.00955229911331794,0.0100472349542262,0.0104928185055588,0.010895672507851,0.011261406946486,0.0115952152069852,0.011900529605656,0.0121809203926949,0.0124394749675821,0.0126797177184863,0.0129020414727903,0.0131089374156564,0.0133017607249319,0.0134814358675453,0.0136487583856212,0.0138041107587706,0.013948422741964,0.0140828717405925,0.0142056295354592,0.014320278016941,0.0144269273410369,0.0145254062960981,0.014618015237856,0.0147048233781551,0.014785586733731,0.0148612566768617,0.0149330022130286,0.0149996662539474,0.0150620668696968,0.0151212385137206,0.0151773106227128,Posterior
CHF Corporate,0.00414730905863114,-0.0514911133909937,-0.00246165283852919,0.00123723654627159,0.002228509802625,0.00242903236740709,0.00228661455489215,0.00196811550946648,0.00162488901582492,0.00127442272410955,0.000938416718580179,0.000643706244196205,0.00041329046865852,0.000218325103829683,0.000101025763319962,-4.27360034271198E-05,-0.000129858981672366,-0.000197108961606213,-0.000251312301812205,-0.000293600411716053,-0.000327773722617102,-0.000354533049700764,-0.000373547907966005,-0.00038454303215977,-0.000388038182369111,-0.000385097203776229,-0.000376858394443222,-0.000364322225164803,-0.000348280516651524,-0.000329361596699502,-0.000308019099884279,-0.000284635531983652,-0.000259516959062306,-0.00023291285076051,-0.000205034794065882,-0.00018683672471988,-0.000155798280887278,-0.000124110880141985,-9.18585388500127E-05,-5.92415882840791E-05,-2.63071604413475E-05,6.85229155116459E-06,4.01563862885244E-05,7.35363242398011E-05,0.000106925269526109,0.000140269876970462,0.000173528393591507,0.000206645496376019,0.000225900340439006,0.000261108754501909,0.000295577473452091,Posterior
CHF Sovereign,0.000275634526375992,-0.497106470108931,-0.213675212059204,-0.166398455787275,-0.139557508706156,-0.121217196327186,-0.10737705634456,-0.0962576087419705,-0.0869651682630261,-0.0788547877143212,-0.0713846732605672,-0.0637633480544459,-0.0557501975063417,-0.0495049390009724,-0.0451621917705059,-0.0418520946943222,-0.0391649602813773,-0.0369196653852892,-0.0349971935939638,-0.033308180395521,-0.0318159561648179,-0.0304653582511675,-0.029237835955479,-0.0281165910762225,-0.0270890529268471,-0.0261449820937646,-0.0252745974889577,-0.0244697648246065,-0.0237234654536764,-0.0230303710771837,-0.0223837270770646,-0.0217791907247716,-0.0212124531315765,-0.0206795018757065,-0.0201767484194951,-0.0197024707889427,-0.0192512955488861,-0.0188223780352833,-0.018405686034413,-0.018015390703999,-0.0176417885871214,-0.0172829575417852,-0.0169395167620754,-0.0166100643495514,-0.0162930809116374,-0.0159882682500876,-0.0156956024112763,-0.0154130699844105,-0.0151698390536204,-0.0149032630443357,-0.0146466969980394,Posterior
CHF Sovereign 10+,0.000341972337021065,-0.00236795156977532,-0.0301425611559241,-0.0349834931201551,-0.0375397449599336,-0.0388942648439319,-0.0395741607738177,-0.0397428560796824,-0.0394444940568339,-0.0386953489497518,-0.0375071424222766,-0.0355362416980205,-0.0327202616872013,-0.030346198781957,-0.0286484900504676,-0.0275592498952837,-0.0265996379777079,-0.0257528493856424,-0.0249821587735549,-0.0242696511108512,-0.0236183360294949,-0.0230058017456812,-0.0224270431623679,-0.0218747266102524,-0.021344944720826,-0.0208364277071236,-0.0203482181439308,-0.0198799093857662,-0.0194310370947113,-0.0190016066630176,-0.0185896700397919,-0.0181946438974799,-0.0178154678675082,-0.0174509247062349,-0.0170998216767111,-0.0167826489324792,-0.0164523976264036,-0.0161333481571156,-0.0158178658345508,-0.0155189671677577,-0.0152290716402384,-0.0149471705143901,-0.0146743684688801,-0.0144099579203942,-0.01415306423328,-0.0139038181798898,-0.0136625464366911,-0.0134278007834639,-0.0132161200156202,-0.0129917822765943,-0.0127747911095112,Posterior
EM HC Corp,0.0075481205300113,-0.127006405177088,-0.0728886230170163,-0.0627512668241162,-0.0562583035850179,-0.0512331653156034,-0.0470542420266937,-0.0432882305844839,-0.0398233291765836,-0.036533188379616,-0.0332958626082725,-0.0297684432980124,-0.0260306372771536,-0.0229855540629721,-0.0207806218881012,-0.0190381275793825,-0.0175781157008624,-0.0163073975546463,-0.0151730731358669,-0.014143983260429,-0.0132073146667979,-0.0123409843526287,-0.0115371423527363,-0.0107883111417727,-0.0100889591457296,-0.00943468671775056,-0.00882134458909471,-0.00824538206324699,-0.00770362529716596,-0.00719345242020531,-0.0067118245614131,-0.00625653206046853,-0.00582543445405096,-0.00541655527085253,-0.00502812747959056,-0.00465684836219811,-0.00430515653145157,-0.00396980749879026,-0.00364811003979544,-0.00334234281809712,-0.00304990936541557,-0.00276993053559519,-0.0025019803588086,-0.00224531406281985,-0.00199923101029086,-0.00176323212239289,-0.0015368515484187,-0.00131944942371706,-0.00114122127227633,-0.000936310070768157,-0.000739823463975252,Posterior
EM HC Sovi,0.0065301593565746,0.0506102014269295,0.0165628256700047,0.0122964772516022,0.0100697552365631,0.00861935056921581,0.00737270880107673,0.00651181782176975,0.00571289326716137,0.00500091400229814,0.00437113906796523,0.00371529838079988,0.00316654358958383,0.00271326923294802,0.00241462252984316,0.00214233475160899,0.00195885831939009,0.00182580181469021,0.00172965852656331,0.0016567936999686,0.00160524877043183,0.00157208308917154,0.00155556702068378,0.00155357467541193,0.00156418257943248,0.00158575651944451,0.00161685349195133,0.00165622695840918,0.00170275993710886,0.00175550759755317,0.00181346038430134,0.00187582244167864,0.00194184184937011,0.00201082522235811,0.00208214147865304,0.00217027736047497,0.0022435075473621,0.00231764403374068,0.00239127249243593,0.00246608026790837,0.00254077055421502,0.00261500207074281,0.00268882767881156,0.00276202360091469,0.00283434299543121,0.00290574699058315,0.0029762699721993,0.00304558142777473,0.00307004715846084,0.0031408758080362,0.00321015839648399,Posterior
EM LC Corp,0.00271704723036438,-0.0300441746434681,-0.0165581079025141,-0.0158545763768895,-0.0157404406675458,-0.0157822325036605,-0.0157485901371104,-0.0157931862161126,-0.0157381809050645,-0.0155512075830501,-0.015183768571947,-0.0145000156706013,-0.0134786877809309,-0.0126734013472678,-0.0121627149937067,-0.0118090530121913,-0.0115166653717873,-0.0112611793009467,-0.0110235513276891,-0.0107993671670898,-0.0105885243092547,-0.0103827367145785,-0.0101825044008898,-0.00998642587129947,-0.00979330618291453,-0.0096024829816624,-0.00941342857047887,-0.00922608827822442,-0.00904058656064602,-0.00885740459195355,-0.00867618021972097,-0.00849719664385144,-0.00832050361234616,-0.00814605045567237,-0.00797376326644483,-0.00781544203154615,-0.00764645232560214,-0.00747967158595219,-0.007311945705011,-0.00714964441542847,-0.00698956420602383,-0.00683152203251974,-0.00667627728849751,-0.00652372798886234,-0.00637368073014882,-0.00622637450047548,-0.00608211301562419,-0.00594039148518886,-0.0058446923844097,-0.00570228429053339,-0.00556389023894919,Posterior
EU High Yield,0.00255860745135975,0.034737576892284,0.0327488558749684,0.0341271547587318,0.0353996057592581,0.0363845832902481,0.0372266010338788,0.0377766088684233,0.0380773896642288,0.0380490046395924,0.0375644168151504,0.0362948139033699,0.0340549069989857,0.0322499869962605,0.0311090588644004,0.0305437037945217,0.0300627513393592,0.0296670149361031,0.0293203545810754,0.0290063995551231,0.0287276472903668,0.0284598236329684,0.0282013326305146,0.0279471463634057,0.027694644934695,0.0274433065490672,0.0271926718428988,0.0269431251887831,0.0266952016548639,0.0264502736043289,0.0262071018186318,0.025966319983482,0.0257278630017707,0.0254913573581493,0.0252563663401605,0.0250310610055617,0.0247960706505285,0.0245623721769985,0.0243192593078302,0.0240875877546674,0.0238566679422632,0.0236257183375326,0.0233972396009052,0.0231708427490835,0.0229458031501686,0.0227229616507697,0.0225034627387846,0.0222855002861389,0.0220762994350533,0.0218628653600343,0.021652834601462,Posterior
EUR Corporate,0.0196647045801251,0.144666884409823,0.09480463928641,0.082494159731259,0.0747050517523807,0.0690100455542765,0.0645135784984268,0.0606815573778874,0.0573290966588952,0.0541856111754137,0.0510069852517186,0.0473301596682336,0.042899859875547,0.039416120905901,0.0371821810454202,0.0355384055586209,0.0342948215658093,0.0332938400994683,0.0324577279885683,0.031738833953026,0.031121155684765,0.0305674387461608,0.0300709960490049,0.0296233915787044,0.0292181661500081,0.0288502075335548,0.0285143106804656,0.0282065624792091,0.0279237985396531,0.0276643067504619,0.0274241324669115,0.0272016898199144,0.0269949815014224,0.0268019474561481,0.0266206700612231,0.0264349895844955,0.0262731403540045,0.0261190592461756,0.0259604393670084,0.0258187108445403,0.0256818014810978,0.0255482288649921,0.0254201257850802,0.025296578947457,0.0251763469670124,0.025059946952926,0.0249482880421136,0.0248390573812768,0.0247414174055658,0.0246390003739701,0.0245398976637626,Posterior
EUR Corporate 10+,0.00134063137275637,-0.0688595046041273,-0.0503839464864872,-0.0439370600665923,-0.0391154465782825,-0.0351683712158176,-0.0317283211868062,-0.0286039796099864,-0.0257693540359762,-0.0231230261428357,-0.0206035856968179,-0.0179580781557032,-0.0153240138301937,-0.0132116962310672,-0.0116944796041829,-0.0104063261771129,-0.00936070131734377,-0.00846195338434258,-0.00766923573344383,-0.00695595489797962,-0.00630907272539559,-0.00571548590900264,-0.00517097683236268,-0.00467138295831259,-0.00421269345992251,-0.00379099031668065,-0.00340250865807572,-0.00304397403416591,-0.00271252011795483,-0.00240570632686344,-0.00212114149758304,-0.00185688194424516,-0.00161113762383824,-0.00138229383971374,-0.00116891135107583,-0.000985527400407137,-0.000798956071647493,-0.000624325651845639,-0.00046053746976841,-0.00030724616255821,-0.00016345731631495,-2.85107965465407E-05,9.81906428055694E-05,0.000217217060302104,0.000329077533705618,0.000434252631621453,0.000533208793306324,0.000626314600114929,0.000742199372970846,0.000823239357132081,0.000899540791133696,Posterior
EUR Sovereign,0.0382619729712502,0.100379785989472,0.0875721301507575,0.0836111538118991,0.0808018210677973,0.0784861414375936,0.0764448220365972,0.0743447230924587,0.0722132121713825,0.069878193314132,0.0671421777881345,0.063369313407643,0.0583632515610947,0.0543524482591677,0.0518877511201718,0.0501052306179767,0.0488172977492976,0.0478057399920729,0.0469716417454813,0.0462597208981341,0.0456595818306445,0.0451259452581906,0.0446540248503013,0.0442340008410185,0.043858273962993,0.0435213433767092,0.0432175856272715,0.0429431498776756,0.0426950242933519,0.0424721197738036,0.0422696517213237,0.042086220121512,0.0419196246096672,0.0417674079127031,0.041627207859232,0.0414989207085236,0.0413758341418693,0.0412600147327068,0.0411323254510432,0.0410269762809808,0.040925157827291,0.0408247429146458,0.0407293505482283,0.0406377271886895,0.0405480611619356,0.0404613483003479,0.040379218728696,0.0402980765974683,0.0402130935496022,0.0401373508539391,0.0400648289518166,Posterior
EUR Sovereign 10+,0.0136375645268715,0.110468028357779,0.0583087791692421,0.0507223900086554,0.0464966654625362,0.0434201330661452,0.0409729056236485,0.0389325869138096,0.0370103037204291,0.0351203026485849,0.0331618787596574,0.0308006621176079,0.0280358253498586,0.0257592292103449,0.0242291734082217,0.023182202164734,0.0223626643107487,0.0216962497113726,0.0211330461277923,0.0206462828105262,0.0202323738232473,0.0198686738098248,0.0195487711142705,0.0192643574398561,0.0190095111924858,0.0187803447523649,0.0185734371798871,0.0183863033928984,0.018216872923737,0.018063937712895,0.0179247708205829,0.0177981582855751,0.0176826182054384,0.0175766342486321,0.017478790623182,0.0173873620531458,0.0173013377264942,0.0172206575555259,0.0171370867211595,0.0170646668993019,0.0169953548024745,0.0169280972794817,0.0168642469364919,0.0168031490975146,0.0167439372733642,0.0166869205245642,0.0166326777023968,0.0165796445706347,0.016557681347015,0.0165048037218214,0.0164543935793851,Posterior
GBP Corporate,0.00146551340627317,0.240368101560367,0.13097801431931,0.108524086090496,0.0946296705688307,0.0844513517175328,0.0764421577238503,0.0697305447764004,0.0639474651462062,0.0587172395301906,0.0537302314599307,0.0484687835425304,0.0427268081147788,0.0382368384250936,0.0351694390858928,0.0327553723836985,0.03083049062816,0.0292164170726661,0.0278227136500942,0.0265895250717954,0.0254917032551078,0.0244901886398895,0.0235743531086932,0.0227335860116054,0.0219594244897254,0.0212446550161011,0.0205822339161972,0.0199664131282666,0.0193923217266087,0.0188564117956568,0.0183538939598904,0.0178818706993032,0.0174373900416355,0.0170176637795306,0.0166201875516228,0.0162329243959849,0.0158745439413648,0.0155328344578532,0.0151997623597669,0.0148872423760656,0.0145874513919972,0.014298959707391,0.0140224175909467,0.0137567855585273,0.0135009089899577,0.0132546304006749,0.0130180082281205,0.0127894410461516,0.0125855448458727,0.0123714531559981,0.0121650789709436,Posterior
GBP Corporate 10+,0.000635006761440927,-0.00749254219338528,0.00111236915483769,0.00519983308916507,0.00790343698730024,0.00981864662449533,0.0113810763249652,0.012467103627597,0.0132842408505911,0.0138883431195331,0.0141851852896469,0.0140605863747047,0.0134070006856117,0.0129023116450714,0.0126054890075383,0.0125320997996608,0.0124333209890593,0.0123499749092809,0.0122806859503164,0.012214874175822,0.0121556927753984,0.0120934144868136,0.0120281200950315,0.0119587328596797,0.011885224103294,0.0118082768930568,0.0117283717562572,0.0116461901884613,0.0115623576420405,0.0114777897730086,0.0113922106877292,0.0113061109339298,0.0112196441128616,0.0111327962960391,0.0110455020413143,0.0109562061691573,0.0108674880153882,0.0107784501316981,0.0106844556777528,0.0105947171233392,0.0105045927583659,0.0104137804475295,0.0103234198708816,0.0102333753355535,0.0101433593394584,0.010053771482202,0.0099651449904813,0.0098767057726307,0.00983240386317528,0.00974059619900076,0.00965046745739785,Posterior
GBP Sovereign,0.00768542306952726,-0.0499196348205575,-0.00504107819055099,0.000900061440618409,0.00391140581697481,0.00572890075904437,0.00688727503345192,0.00771845242878181,0.00824585217347161,0.00851624828401056,0.00858523618918963,0.00838550161078488,0.0079529210487825,0.00755511530771622,0.00733379922693902,0.00713089569129077,0.00700263244078982,0.0068954500367148,0.00679595411083789,0.00670198446320732,0.00661593836927455,0.00653468626616679,0.00645957169048004,0.00639006976011197,0.0063254861277035,0.00626536671721227,0.00620927994079375,0.00615705476644872,0.00610860449941431,0.00606404810039007,0.00602292106695084,0.00598518462590523,0.00595063805782819,0.00591901272104084,0.00589002329824374,0.00586682237163171,0.0058418425034393,0.0058188935887389,0.00579526538742814,0.0057757584403862,0.00575769108407638,0.00574073215633006,0.0057253528567553,0.00571133903144547,0.00569839578996224,0.00568662084557807,0.00567620359143138,0.00566659819883912,0.00565389116195148,0.00564615804119815,0.00563953856494986,Posterior
GBP Sovereign 10+,0.00530670035189951,0.0257723274138811,0.0181303027312468,0.016942393583644,0.0162733385399832,0.0158541372221485,0.0154988427894524,0.0150990862869111,0.0146643343996028,0.0142019464873201,0.0136250838403079,0.0127516752451978,0.0116938567870355,0.0107940363242699,0.0101522963722617,0.0097678763573739,0.00941306178476918,0.00910845712948813,0.00884624406676255,0.00861171713151925,0.00840501402924694,0.00821708832915059,0.00804574544576031,0.0078881533715841,0.00774254556188815,0.00760793184152674,0.00748340263489037,0.00736829137073712,0.00726199949463505,0.00716417903202945,0.00707381482905522,0.00699044626417682,0.00691346746492859,0.00684223397044349,0.00677612789766774,0.00671875893878026,0.00666078023050171,0.00660657910866147,0.00655291751204804,0.0065050835655532,0.0064599059063943,0.00641689979873104,0.00637649343852792,0.00633835835466972,0.00630208910994341,0.00626772740879679,0.00623542117092389,0.00620451487466125,0.0062175075400077,0.00618410854290566,0.00615310309153346,Posterior
Global MBS,0.044613450480935,-0.160589175584206,-0.0534563428802707,-0.0320237025892537,-0.0187087944978364,-0.00913573615156041,-0.0017543887548838,0.00431883608215815,0.00922685609447345,0.0131863748684042,0.0163229047399309,0.0184996240891888,0.0196082632246131,0.0204450724377908,0.0214205510553256,0.0223531999467879,0.0232875682166741,0.0241662507931073,0.0249791477137505,0.0257304929921212,0.0264400263788684,0.0271010680349629,0.0277227550740663,0.0283070245024196,0.0288554958474069,0.0293708085974537,0.0298552824099814,0.0303119233436696,0.0307436962731352,0.0311543348658192,0.0315442943829886,0.031915951587203,0.0322706581599072,0.0326091699248974,0.0329319636665582,0.0332653450472768,0.0335545677109772,0.0338299171236126,0.0340770005170187,0.0343253112288408,0.0345605648167324,0.0347819977996715,0.0349936388915396,0.0351953239435155,0.035386300375605,0.0355681751659003,0.0357430887429672,0.035908511722046,0.0360411407338436,0.0361932306981342,0.0363396509854792,Posterior
Hybrid,0.00185908119659345,0.0856840075643699,0.0720687131537737,0.0658669990833313,0.0610557678234234,0.0570759120035132,0.0535916483614937,0.0503152890407703,0.0472796625893893,0.0443505580881443,0.0413585059206624,0.0379266533947278,0.0339801261767801,0.0308280133483504,0.0286501596799398,0.0270888271239237,0.0258052450884535,0.0247242765196857,0.0237875233949634,0.0229571782414706,0.0222193998280398,0.0215451825615022,0.0209277079396409,0.0203591454185075,0.0198334574761491,0.019345867487665,0.0188917516937218,0.0184675038917809,0.0180701102893002,0.0176975754156768,0.0173465489222267,0.0170152832982938,0.0167018448968009,0.0164043372413617,0.0161210287163022,0.0158527295392284,0.015593245421128,0.0153442461447587,0.0150982099092918,0.0148673434628859,0.0146442761668434,0.0144279075222944,0.0142192040490561,0.0140174107154189,0.013821624456849,0.013631933836117,0.0134486397429745,0.0132703107751834,0.0130911806166403,0.0129240410611283,0.0127618342223293,Posterior
JPY Corporate,0.000457404715297959,0.00997463927250798,0.0613823412188855,0.0588445735177855,0.0546644717895158,0.0504798399791927,0.0465274983463102,0.04278141105635,0.0393140060454843,0.0360060942951526,0.0327594948038077,0.029300764055139,0.0256423449616896,0.02266999405343,0.0205628469555677,0.0189134951805058,0.0175639379543284,0.0164046836341664,0.0153847903573693,0.0144746492043076,0.0136565980012529,0.0129062867647467,0.0122161345667698,0.0115797278760656,0.0109921073376284,0.010448766823462,0.00994510412982479,0.00947712115565533,0.00904132286294817,0.00863495137228776,0.00825480170651156,0.00789866965887052,0.00756442465848414,0.00725010810757308,0.0069539687758472,0.00664699768847274,0.00638514486916387,0.00613733019891886,0.00589991589423554,0.00567710272713369,0.00546538314854516,0.00526382483700642,0.00507229493830559,0.00489005178689187,0.00471635265275707,0.00455083072559154,0.00439320822927565,0.00424266056324922,0.00410859939514604,0.00397267599668218,0.00384236653082945,Posterior
JPY Corporate 10+,2.65921914477549E-05,0.0513372592839976,0.0305351921566217,0.0299024882189637,0.0298755846520299,0.0298692456924659,0.0296976824021159,0.0294186467578252,0.0288930065400758,0.0281556420758084,0.0271390609499608,0.0255095479402451,0.0233818736052473,0.0216186825179487,0.0204755980526961,0.0195046181867241,0.0187314052959578,0.0180557389351057,0.0174469532490749,0.0168845668471376,0.0163642127682655,0.0158664236274278,0.0153880174126096,0.0149265026803045,0.0144817015765816,0.0140541591549988,0.0136437394190145,0.0132502082754819,0.0128731279287388,0.0125123335358415,0.0121663895317407,0.0118347853497797,0.0115167135886731,0.0112112848471122,0.0109176324371325,0.0106221156442496,0.0103507744063729,0.0100892578847801,0.00983272026618914,0.0095891829502538,0.00935382156837942,0.00912593081558754,0.00890609963036467,0.00869380418650451,0.0084884292189952,0.00828996568371043,0.00809851864690347,0.00791314021719526,0.00776492071156909,0.00758816445683127,0.00741773174749288,Posterior
JPY Sovereign,0.0213664537725733,0.283539866926336,0.181829525072903,0.155982223425632,0.139159325187737,0.126728568456364,0.116710853819403,0.108033990200044,0.100427370072597,0.0934096255506924,0.0865458162335456,0.0789904438298594,0.0705285257038005,0.063810054908433,0.0593019455171084,0.055860208195153,0.0531516441323276,0.0509040009472959,0.0489823549333262,0.0472989212179249,0.0458178586076625,0.0444748920983897,0.0432547708131694,0.0421419523101058,0.0411245944118745,0.0401927555096878,0.0393362969191724,0.0385469831939131,0.0378178331210147,0.0371440906437325,0.0365182490981535,0.0359362460465663,0.0353936919657555,0.0348863141527873,0.0344102121235025,0.033934793686117,0.0335137109071061,0.033115229357029,0.0327229020391033,0.0323629838246749,0.0320194220039452,0.0316896891286409,0.0313757987740056,0.0310760190514341,0.0307882768426727,0.0305127052994821,0.0302499367238322,0.0299967225330883,0.0297682326804135,0.0295351253636622,0.0293114232032276,Posterior
JPY Sovereign 10+,0.00999805414870091,-0.0236730662024438,-0.0029045032547538,0.00328178372368323,0.00749986534388744,0.0107813866050663,0.0132443257794436,0.0152895573506914,0.0167998002748205,0.0178962332119878,0.018551968531822,0.0185186276521919,0.0179027522906662,0.0173249798190299,0.0170806692024575,0.0169021639680351,0.0167912542364343,0.0166960389790786,0.016608877044592,0.0165222637421213,0.0164395071102523,0.0163460628357302,0.0162419434941493,0.0161274422686153,0.0160050289231579,0.0158777908474255,0.0157478276014487,0.0156169127290135,0.0154863626005612,0.0153576528082432,0.0152305431100578,0.0151057400775488,0.014983457042018,0.0148636461505611,0.0147461694441836,0.0146116624988265,0.0144995959445474,0.0143896912584767,0.0142756234188278,0.0141695698730475,0.0140652089956187,0.0139620126803198,0.0138613882442868,0.0137630386751269,0.0136664610336249,0.0135720842029135,0.0134805217160471,0.0133906245649506,0.0133401208532878,0.01325138432059,0.0131654394859623,Posterior
US High Yield,0.00828746513666771,0.140838644126461,0.0823837514097448,0.0730693388759695,0.067776364813455,0.0640457544524102,0.0609995629641137,0.0585525838774024,0.0562715584863715,0.0539793552808529,0.0514654120623051,0.0482191844783371,0.0440863691695972,0.0408413991589603,0.0387457871777227,0.0372828562399397,0.036137650743864,0.0352026837281028,0.0344066811153029,0.0337061536707197,0.0330913425688168,0.0325273430805219,0.032009125157817,0.0315284657368028,0.0310793420579441,0.0306576941520396,0.0302596277306294,0.0298825721496277,0.029524560812296,0.0291849275866098,0.0288604446906369,0.0285502113450435,0.0282527794982315,0.0279665313701738,0.0276899288405292,0.0274410920233766,0.0271778724410898,0.0269214320067843,0.0266594236799514,0.0264141621473945,0.0261734479610426,0.0259359891134769,0.025704142464238,0.0254771375219251,0.0252538651169918,0.0250349724563493,0.024821472085316,0.0246111490694012,0.0244003771457646,0.0241976533701402,0.0239997097554999,Posterior
USD Corporate,0.0361721501041984,-0.00443965997189622,0.0118737464086054,0.0167401533359821,0.0202152874367263,0.0228932419341239,0.0251248743474416,0.0269536686201664,0.0284370237671429,0.0295482825482721,0.0302059748423857,0.0301297062604609,0.029062014484581,0.0282824374711053,0.0281020764685915,0.028108242482877,0.028274277683901,0.0285066960851219,0.0287680554419756,0.0290368775740902,0.029316877886906,0.0295878218028372,0.0298529481761911,0.0301105544997609,0.0303593320462393,0.0305989585593299,0.0308287783993027,0.0310491160894796,0.0312606184048022,0.0314650597243423,0.0316612143856046,0.0318500728430086,0.0320318129290974,0.0322061967185269,0.0323728636019762,0.0325465199032863,0.0326949266060985,0.0328354726015464,0.0329538021996114,0.0330781074650657,0.0331941995687435,0.033301063782744,0.0334023108067683,0.0334975445379748,0.0335858476491273,0.0336685627886411,0.0337475478111594,0.0338202589251882,0.0338739778728803,0.0339387876808368,0.034000410308363,Posterior
USD Corporate 10+,0.0156419656436551,-0.0820404139022199,-0.0575747165744015,-0.0502750872545038,-0.0449045027564485,-0.0404553965838581,-0.0365127355022374,-0.032870197230571,-0.0294640200065768,-0.0261853376521316,-0.0230171765764819,-0.0197313924947156,-0.0165109982091312,-0.0138439840272223,-0.0118926830615948,-0.0100769816677461,-0.00860446960821539,-0.00730035103129054,-0.00611048997346571,-0.00501302817496143,-0.00399438764313359,-0.00304236442760764,-0.00215167193342918,-0.00131770221836735,-0.000536298804233063,0.000196623195594706,0.000885013292703596,0.00153251591954025,0.002142459843613,0.00271794478176516,0.00326153618211401,0.00377568201976252,0.00426251513178365,0.00472389752630597,0.00516145697746987,0.00559185764347055,0.00598432505639886,0.00635710240842651,0.00670838779756575,0.00704480011009763,0.00736450908129394,0.00766811891679591,0.00795723011347129,0.0082325097098735,0.0084944156267208,0.00874391402114156,0.00898209371241469,0.00920884647836776,0.00944060688363858,0.00964576208859783,0.00984197821459862,Posterior
USD Sovereign,0.0728093418564375,0.0704423585895196,0.081140293883146,0.0851819687973782,0.0878529236973714,0.0897122279493774,0.0910348480468986,0.0915806021874139,0.0915900402739862,0.0909475471111963,0.0894172434523243,0.0861163801776066,0.0807360750562963,0.0764680882455068,0.0741506233172503,0.0725926007482655,0.0716294505546799,0.0709734217219201,0.0705010028916771,0.0701405606217086,0.0698883478576251,0.0696853159897015,0.0695314157155228,0.0694167289400101,0.0693334650991285,0.0692765920702104,0.0692406040279684,0.0692224924289846,0.0692202752812427,0.0692347640047266,0.0692604460040825,0.0692970155912299,0.0693426087533822,0.0693947228882505,0.0694507998210012,0.0695364582993864,0.0695906015018993,0.069644046145391,0.0696652796540358,0.0697129489717926,0.0697560120611181,0.0697914897543738,0.0698261617954871,0.0698584610872214,0.0698857958663005,0.0699103522311593,0.0699354059152385,0.0699551518803726,0.0699448051602311,0.0699611585415005,0.0699774273433658,Posterior
USD Sovereign 10+,0.023029033612544,0.121098734419682,0.0572832801197504,0.0439289152737092,0.0357992256814025,0.0300036473306005,0.0255911815710902,0.0221116937733437,0.0192990764335777,0.016985406769857,0.0150148279059856,0.0131538822943654,0.0114300198675966,0.0101217063352706,0.00922132201560663,0.00871005614046655,0.00831604387814869,0.00804643146775981,0.00787453447407099,0.00777113116770281,0.00772584106681095,0.00772464338812993,0.0077617855937102,0.00783105668917982,0.0079268112941947,0.00804421942677659,0.00817902689179362,0.00832788320956898,0.00848808452928028,0.00865769917473918,0.00883435061020529,0.00901657079711706,0.00920292322452161,0.00939206041480763,0.00958277169592244,0.00980398761669422,0.00999291060832301,0.0101807867710391,0.0103625103817495,0.0105463670582775,0.0107275034201475,0.0109051915618621,0.0110802706383097,0.0112523364692187,0.0114208380051597,0.0115860198375806,0.0117483537426402,0.0119068162402944,0.0120695457792381,0.0122189359244538,0.0123658150560925,Posterior
Agriculture,0.00223792900885797,0.0823908530866906,0.0474975494242439,0.0387283968905213,0.0329519970395471,0.0283986797798182,0.0248566980452054,0.02176356710382,0.0191291074309501,0.0167313538866866,0.0144961753113914,0.0122981685403901,0.00992523174110509,0.00800430374110841,0.00670727660048087,0.00572874704348926,0.00501125757592383,0.004392612730899,0.00392726450663805,0.00356130568043386,0.00326371620174195,0.00301804912862319,0.00282249784985176,0.00267482347111639,0.00257755165263955,0.00248470848241825,0.00244600797263896,0.00243736999468011,0.00245464024129096,0.00253152462342618,0.00257332640902865,0.00264206530066347,0.00273055773444602,0.00283038738547868,0.00292068624158269,0.00302663711031276,0.00311924941349516,0.00321656219640577,0.00328060492273248,0.00333822724925082,0.00337806421762041,0.00338543103992105,0.00341687299852659,0.0034381084824739,0.00345595926657895,0.00346873375131215,0.00349879115114507,0.00350068490501983,0.00350044393876279,0.00348450382055904,0.00347782550275318,Posterior
Energy,0.0111896450442899,-0.202764612955754,-0.137384927749634,-0.126952887112939,-0.120181155615064,-0.114256668153778,-0.10912453605202,-0.103951119190126,-0.0988845861150136,-0.0934608245104376,-0.0871496954806095,-0.0789860282359794,-0.0681010258848402,-0.0584518914110442,-0.0519055438985942,-0.0469130098737988,-0.0430456199352367,-0.03987508270072,-0.0371011167612494,-0.0348554704676811,-0.0328714708011154,-0.0310361005073641,-0.029356893448878,-0.0277988768730609,-0.0263341327820718,-0.024915100712351,-0.0235614340801973,-0.0222466029776412,-0.0209528522703342,-0.0196433101188283,-0.0183421268167791,-0.0170455516946052,-0.0157551328446515,-0.0144815731047176,-0.0132375947203158,-0.0120473994127835,-0.0109192330631901,-0.00984289509025437,-0.00889058407858608,-0.0080029368407485,-0.00718351669153284,-0.00646202164965895,-0.0057689625108364,-0.00512031244123906,-0.00453787510118001,-0.00400105596036433,-0.00347211165831449,-0.00301724712007617,-0.00259307042999875,-0.00220037347788712,-0.00183091417413276,Posterior
Gold,0.0279741126107247,-0.0367275864358916,-0.016854702560371,-0.0109290218131924,-0.00655649399688688,-0.00291202256433125,0.00027522294484378,0.00303390549149156,0.0055174176791056,0.00766800791621385,0.00944652273498571,0.0106988137794252,0.0110612729846022,0.0111044399930262,0.0113356294194178,0.0116136906516978,0.0119611290782019,0.0123391298148238,0.0127054046205512,0.0131481578909083,0.013606657361734,0.0140569402303005,0.0145191220230046,0.0149927297775435,0.0154746578304295,0.0160027259423535,0.0165088953506289,0.01703109521429,0.0175668648997114,0.0181251104683403,0.0186538051949481,0.0191871933908387,0.0197062244545053,0.0201898839804607,0.0206325198689289,0.0209903877020384,0.0213304343144404,0.0216165382251928,0.0218987946860689,0.0221077182244441,0.0222877692276156,0.0224466699006797,0.0225843257875683,0.0227031237131468,0.0228136711124308,0.0229144316697605,0.0230039557536618,0.0230898410388875,0.0231691585905922,0.0232575739949546,0.0233284113110347,Posterior
HFRICRDTXXXX,0.00738516572923131,0.0245631382968702,0.0365183021979482,0.0417580769215037,0.0447130939770849,0.0463474327003862,0.0471843666975878,0.0473419432121565,0.0469789172641595,0.0460148735706526,0.0443096070764582,0.0412851203622858,0.0364708479024393,0.031992870942407,0.0289954855981212,0.0266924755998828,0.0249125516829835,0.0234585080069,0.0221730997473624,0.0211435948514578,0.0202327662235133,0.0193802569638713,0.0185971570093192,0.0178685259441469,0.0171837901521533,0.0165181275926565,0.0158902776846984,0.0152834458211414,0.0146924221461942,0.014101401285051,0.013538997681523,0.0129873712317285,0.0124515208249804,0.0119406095453513,0.0114613751717288,0.0110253837059722,0.0106277864107142,0.010254353230232,0.00995872110740389,0.00968006531199444,0.00943443690808892,0.00922997188116424,0.00903635530993126,0.008851896674727,0.00870411790293079,0.00857288534670001,0.00845192987591941,0.00834849839221296,0.00825495838439125,0.00817283389335257,0.00809930162728451,Posterior
HFRIEDI,0.00788869975622435,-0.0361268305591435,0.000875353669994079,0.013611987265914,0.0211241182879648,0.0260415527204384,0.0295045483346136,0.0316227265062248,0.0329995474579959,0.0335779629995156,0.0333831445283859,0.031900586374752,0.0288022010282958,0.0257510877893078,0.0237358358636198,0.0221754938999775,0.0209689277309291,0.0200108442159775,0.0191485182401406,0.0184580254627467,0.0178444986291048,0.0172603981153368,0.016718682410587,0.0162073553742007,0.0157194552157919,0.0152435067698318,0.0147867543534164,0.0143412669955397,0.0139033943947721,0.0134589195541575,0.0130351607738687,0.0126111696336045,0.0121928404101279,0.0117879642214542,0.0114095599756396,0.0110509183933736,0.0107278249673689,0.0104183395312638,0.010172725942046,0.00993287274851272,0.00972607624082948,0.00955836181808455,0.00939236746447571,0.00924342792102044,0.00911351192452375,0.00899787599904471,0.00888453721346449,0.00879392567766535,0.00871169546577389,0.00864016859729876,0.0085780291656548,Posterior
HFRIEHI,0.00839223378321739,0.0353785193933783,0.0320704735408134,0.035037731831759,0.0370582609263938,0.038329624296763,0.0393323066515522,0.0394637396817663,0.0393306210311906,0.038868032564615,0.0376762135829719,0.0352566498526008,0.031381434130353,0.0277568147575957,0.025328951249799,0.0235123683788579,0.0221188789627791,0.0210368838452434,0.02007317377592,0.0193150425539807,0.0186555645465879,0.0180414095604121,0.0174834095325743,0.0169661297634332,0.0164799520916834,0.0160258058490335,0.0155871832019375,0.0151666483008075,0.014759532277342,0.014349883005008,0.0139636533567253,0.0135778067749247,0.0131971954987233,0.0128269776786443,0.0124824498865811,0.0121453882168836,0.0118421588718508,0.0115522838659539,0.0113154279886914,0.0110783257762282,0.0108744632464515,0.010708627657227,0.0105412205702612,0.0104005854973782,0.0102639416478626,0.010141137126551,0.0100137577156408,0.00991626572463084,0.00982690626650953,0.00974858356620792,0.00967996699399485,Posterior
HFRIEMNI,0.000559482252214493,0.0234810410482692,0.0507809898632744,0.0537022217483851,0.0538294678948965,0.0528372892158344,0.0512189932750932,0.0496128478592769,0.0475955829898718,0.0452005901834108,0.0422688666268165,0.0383904336066532,0.03307176880803,0.0283106394786524,0.0250404861688336,0.0225432129917065,0.0205719845864017,0.0189194658269669,0.0174526719039728,0.0162493205716665,0.0151720973069164,0.0141671603529151,0.0132375248012153,0.0123693042608405,0.0115514161319988,0.0107510430820991,0.00999491819194346,0.00926061169131986,0.00854300648782713,0.00782439586325819,0.00714375104093383,0.00648304070660586,0.00584812158580035,0.00525196344997245,0.00469139404377135,0.004210185444815,0.00376421838388424,0.00335770180445162,0.00303407667681722,0.00275238151919178,0.00249792388168998,0.00228144900000429,0.0020880009013105,0.00188992686076937,0.00174946047979949,0.00162586494839664,0.00152247716488925,0.00142544939712425,0.0013386415721603,0.00126267617994896,0.00118990844732939,Posterior
HFRIMI,0.004246470294308,0.362968198014127,0.181183226751875,0.147772134124644,0.130253049022434,0.118238032062029,0.109100364464389,0.101567278851534,0.0948433634168336,0.0884919821070911,0.081563951941307,0.0732016345660043,0.0626457849208896,0.053449701940274,0.0471760300153916,0.0425116586910995,0.0388904584079397,0.0359202679562716,0.0333432335436745,0.0312837590601864,0.0294845446528765,0.0278391359670803,0.0263509646060449,0.0249877244793652,0.0237252882027173,0.0225345971390304,0.0214088247972698,0.0203354577220287,0.0193021656716877,0.0182777793783204,0.0173081766637007,0.0163665209809423,0.0154577753671027,0.0145932114928028,0.0137769818481554,0.0130367930100511,0.0123519070740048,0.0117199327789116,0.011193515971013,0.0107111392827301,0.0102744153723104,0.00990061282319306,0.00955083432600745,0.00922985552256928,0.00895136499509415,0.00870074142660599,0.00845702034947211,0.00825466249973347,0.0080693493581776,0.00790679360753891,0.00774884708868066,Posterior
HFRIMTF,6.71378702657392E-05,-0.0477071137382074,0.0207564610079185,0.0363299895136159,0.0431750206753873,0.0464787517096214,0.0480447497133795,0.0485035651182381,0.0482206422857279,0.0469667053235441,0.0450186932869963,0.0418011900744525,0.0367376551188386,0.0320575887259726,0.0288541151418082,0.0264678967223757,0.0245571949429859,0.0230050171518568,0.0216242310331606,0.0204862170276845,0.0194710072392203,0.0185179065422757,0.0176343461872994,0.0168006262842398,0.0160053814111772,0.015237633795166,0.0144892567058481,0.0137585979963759,0.0130377571602961,0.0123003787842193,0.0115901992338234,0.0108808965034274,0.0101796998230929,0.00949782755432565,0.0088468057503319,0.0082379840873532,0.00767423507827362,0.00714249671813273,0.00669351766086147,0.00628044789878923,0.00590780574721355,0.00559290117878201,0.00528907911930655,0.00501685895888489,0.00477052810575143,0.00454795378336045,0.00432340591081631,0.0041433257684356,0.00397779005545227,0.00383453899658033,0.00369300654345879,Posterior
HFRXGL,0.000699352815268116,0.215800087430215,0.12007643919779,0.100006885186349,0.0880742652621415,0.0796742290705057,0.0732513910338703,0.0678610930381981,0.0630748912500289,0.0585760844641055,0.0537983868045382,0.0480891965172691,0.0409987030657686,0.0348528339394075,0.0306636829050846,0.0275015633016365,0.0250614479220786,0.0230503089186761,0.0212996660498182,0.0198959284792014,0.018664090615416,0.0175346781742065,0.0165084968912496,0.0155639935669933,0.0146843442366551,0.0138473575556499,0.0130548928955223,0.0122948482383958,0.0115598338959703,0.0108255037102746,0.0101356863072349,0.00946164409108137,0.00880910466530971,0.00818785267617102,0.00760694093738265,0.00707520113643668,0.00658795624121489,0.0061353288143131,0.00575809306894601,0.00541193795966653,0.00510481548049866,0.0048472154960158,0.00460051535344986,0.00437591768434578,0.00417979031848055,0.00400333067213244,0.00383011451939244,0.00368784882226393,0.00355759675324286,0.00344222169635549,0.0033348704501714,Posterior
ILS,0.000313869543492331,0.0256602463233622,0.0203889643779616,0.0203924180553129,0.0206670717007137,0.0208585563844686,0.0209766488752814,0.0209718511480469,0.0208545919016235,0.020568290220202,0.0199118425690567,0.0186126045257839,0.0165798176752158,0.0146744280823553,0.0133999589091178,0.0124502562953318,0.0117373673119529,0.011131305340257,0.0106127618873378,0.01020078327989,0.00983504998317859,0.00948623317170864,0.00916046251748803,0.0088514400514903,0.00854849201804625,0.00823966974444767,0.0079388702928997,0.0076292698671896,0.00730879380326763,0.00694786897333985,0.00660966300354644,0.00625853232740934,0.00589735595602922,0.00553343154928709,0.00517120159155812,0.00483159888675035,0.00449621266264922,0.00418914127915961,0.00392430925575269,0.0036841428499377,0.00345830094453531,0.00326504355226357,0.00308010319174017,0.00291619438527694,0.00276594803266866,0.00263041657430265,0.00248785063416694,0.00237961437366478,0.00228030277503395,0.00219980205430169,0.00210922974847792,Posterior
Industrial Metals,0.00335689351328696,0.00320555987922237,-0.000463808270127064,-0.00195120349596515,-0.00304894019620636,-0.00394940951842674,-0.00468229901808892,-0.00536368708228444,-0.00587339625112771,-0.00628230743736889,-0.00650907216910062,-0.00643783123056116,-0.00602281602992686,-0.00556513647248044,-0.00527529813982048,-0.00507134451891191,-0.00492452823166597,-0.0048009192574845,-0.00470415883176377,-0.00462447889023298,-0.00454979588621506,-0.00446844360273773,-0.00438392093907157,-0.00429234876927965,-0.00418808115848425,-0.00409164488146893,-0.00395339929308123,-0.00379842510075006,-0.00362639229920265,-0.00343905366021872,-0.0032241687220823,-0.00298366628722569,-0.00272063126909578,-0.00244112351635011,-0.00215596040260531,-0.00186204072468799,-0.00158204173115975,-0.00130676451599354,-0.00105824125105246,-0.000821305194949735,-0.000607615318460129,-0.00041839974528206,-0.000237647955253185,-4.27796032929501E-05,0.00010319422340678,0.000237377779657399,0.000352025497510575,0.000467197589528175,0.000573785741972313,0.000665567000240509,0.000753741248911556,Posterior
Infrastructure,0.0205350743354276,0.101219277562004,0.0714287636237793,0.0686868352489987,0.0674842510109361,0.0664634800177399,0.0654648538911338,0.0644325343396116,0.0631795152666617,0.0614946925019444,0.0590669580491685,0.055118956951385,0.0489060356969927,0.0432050056835154,0.0395250366030427,0.0367681144475153,0.0347314677014107,0.0331563014442664,0.0318246708213843,0.0308532820536592,0.0300530891043812,0.029338472372738,0.0287293166264087,0.0282067694989325,0.0277568721059042,0.027384573667161,0.0270398106650105,0.026736506034162,0.0264652040006972,0.0262399917256579,0.0259864758552682,0.0257494399407544,0.0255201852319983,0.0252912780214283,0.0250515975993258,0.0248175373558712,0.0245854154614473,0.0243697051721491,0.0241804814798521,0.0239701503080927,0.0237652011482357,0.0235632278675475,0.0233900573243886,0.0232224938846677,0.0230736189125004,0.0229359708291081,0.022815980978759,0.022697248222671,0.0225863413522871,0.0224803867198704,0.0223831074267064,Posterior
Properties,0.00951127102033917,0.0353490380936211,0.0226820262239012,0.0212308758103337,0.0206405427560282,0.0203478299073027,0.0200566092473478,0.0199557716873435,0.0197854327554786,0.0194903339653485,0.0189287334927542,0.0179277050565587,0.0161443379620758,0.0144755022179398,0.0134162467711578,0.0126995621591248,0.0121889321820403,0.0118251735721768,0.0115407812846727,0.0113751660416224,0.0112668939554013,0.0111876607743487,0.0111480666735957,0.0111417353496321,0.0111531784405121,0.011201616877162,0.0112608808139993,0.0113351356616394,0.0114241477944294,0.0115263449290059,0.011624058572299,0.0117206764933053,0.011810385419016,0.0118841626727205,0.0119548651545858,0.0119732847639252,0.0119813598117318,0.0119915347219791,0.0119795245429075,0.0119224480212333,0.0118815204532842,0.0118382877431874,0.0117879107359336,0.011731565363116,0.0116791411024174,0.0116266627316618,0.0115839356551439,0.0115314269648973,0.0114802329812587,0.0114198966517326,0.0113865179419289,Posterior
MSCI Asia ex Japan,0.0600470985028006,-0.0320988387647142,-0.0472547009073584,-0.0488005716553047,-0.0490469207587809,-0.0485018637384139,-0.0475905385525722,-0.0461377495154342,-0.0441515856392516,-0.041425023689344,-0.0373596966471897,-0.030651659521878,-0.0206350346852682,-0.012420706318554,-0.00775781468236043,-0.00479814852788736,-0.00285742426841659,-0.00164629646560779,-0.000623144096974525,0.000229080034110804,0.000603480451705059,0.00102330562141281,0.00135945027263324,0.00163344202371048,0.00186066566781493,0.00205464926823669,0.00222028710233771,0.00236447421955271,0.00249262022270692,0.00261320760684854,0.00272006629010402,0.00281846658291767,0.00290880176606567,0.00299015838281633,0.00306167410743335,0.00312115665484767,0.00316941467477189,0.00320869474599732,0.00322812624950186,0.00324135647113446,0.00324664145354205,0.00324126072805484,0.0032334774085274,0.0032219054844014,0.00320401558346675,0.00318255622674201,0.00316125764023386,0.00313408671562217,0.00310351000591882,0.00307293697945767,0.00304201952590493,Delta
MSCI CH,0.00884639909627503,0.0323055380953565,0.00472241879442969,0.00191710336194539,0.000990901371041894,0.000920294934401491,0.00119068012080674,0.00183576875130073,0.00280475482261383,0.00424519758993387,0.00644920570808384,0.0101985678040904,0.015746881312177,0.0195869808965747,0.0212283808203927,0.0217986477659406,0.0217847131004349,0.0215485332245991,0.0211356302770049,0.0204748002236389,0.0200574155014037,0.0194807800919521,0.0189086562702332,0.0183498443001013,0.0178094942216371,0.0172914192280446,0.016795498182154,0.0163224301694276,0.0158722804365775,0.0154463327174499,0.0150402382016127,0.0146542814701922,0.014286975693112,0.0139365022043926,0.0136012223436841,0.0132791682750836,0.0129695610827634,0.0126721882413712,0.0123824781764127,0.0121042505255226,0.0118361190767306,0.0115764806072662,0.0113273331057247,0.0110875645964783,0.0108557786650596,0.010632286378379,0.0104177046862524,0.0102096980029445,0.0100085798871004,0.00981494338113781,0.00962827577981587,Delta
MSCI EMEA,0.00720948270721343,-0.0183895441957023,-0.0128703763673616,-0.0122550132884668,-0.0121147955071592,-0.0122615352751708,-0.0125092547476284,-0.0129201321563625,-0.0134552560400518,-0.0142072581277977,-0.0153231103650806,-0.0171918015407994,-0.0199019727792608,-0.0216336618532145,-0.0221818327817178,-0.0221408155174511,-0.021789741313158,-0.0212863652412768,-0.020729478485089,-0.0200993961958726,-0.0195711200740225,-0.0189691477994796,-0.0183824593934727,-0.0178156249053394,-0.0172710465670436,-0.0167501146006853,-0.0162524378801837,-0.0157777561381347,-0.0153254534551301,-0.0148952064870379,-0.0144848558402873,-0.0140937582150834,-0.0137207252855849,-0.0133645264333269,-0.0130240427969596,-0.0126981402483276,-0.0123860436156144,-0.0120871415777761,-0.0117998859732521,-0.0115246499492232,-0.0112606339311464,-0.011007061323343,-0.0107638550531225,-0.0105303551935438,-0.0103059046402014,-0.0100901605214689,-0.00988281943254907,-0.00968318124534324,-0.00949095899361731,-0.00930589170429578,-0.00912759327838442,Delta
MSCI Europe Ex UK Ex CH,0.0496316705939477,-0.0377430211022851,-0.0455195118302514,-0.0450659618466406,-0.0443330399907557,-0.0433623899994503,-0.0422421007545051,-0.0408233097530548,-0.0390788437418022,-0.0367495479535963,-0.0334322923607346,-0.0281035326320208,-0.0201716923124174,-0.0135269006383229,-0.00948927061450091,-0.00674847868286437,-0.0048323314479754,-0.00346510405888598,-0.0023626343087505,-0.00147284328593991,-0.000956158458231549,-0.000425596094860023,1.29742548436937E-05,0.000380257579260891,0.000691602753348675,0.000960480446377823,0.00119299229439882,0.00139656111388613,0.00157713913206616,0.00174297491758645,0.00189012858613014,0.00202386600563567,0.00214531708610441,0.00225441905193059,0.00235105439722007,0.00243392462872923,0.00250412869873177,0.00256390092158602,0.00260459694332021,0.00263776658905968,0.00266222577861972,0.00267594854965607,0.0026859611499573,0.00269129494923551,0.00269001345145652,0.00268452522583795,0.00267803957669067,0.0026656743033603,0.00264956595876958,0.00263262278017431,0.00261463635525362,Delta
MSCI Japan,0.0258748344936105,-0.00252706746480682,-0.0135045814061885,-0.014402966761123,-0.014365179881546,-0.0137100629892539,-0.0128196404275791,-0.0114575221768689,-0.00967217920726725,-0.00725411969870549,-0.00366595651396062,0.00226896385329429,0.0110203625944407,0.0177041571319277,0.0209482811962195,0.0225614905936089,0.0232458338687351,0.0232943179919624,0.0232102172571866,0.0230327013344535,0.0225206839214021,0.022052745403365,0.0215574924466048,0.0210520364487948,0.0205475577778171,0.0200530425870442,0.0195705966757921,0.0191036213475643,0.0186542998405826,0.0182268931225346,0.0178153331428302,0.0174217417503217,0.0170448861102313,0.0166827595522497,0.0163335247421448,0.015994587106278,0.0156654598506986,0.0153466609602313,0.0150302531619287,0.0147243158851378,0.0144269200341055,0.0141356141695247,0.013854945290833,0.0135833532373949,0.0133186438958276,0.0130619565054385,0.0128150332370643,0.0125736599433689,0.0123388869369126,0.0121123289209432,0.0118933400427144,Delta
MSCI Latam,0.0043841868506906,-0.0154833952795436,-0.0121957843054226,-0.0123758166287122,-0.0128632806182994,-0.0136502060539284,-0.0145052482409637,-0.0156775975246603,-0.0170901216826136,-0.0189059140186828,-0.0215455384155363,-0.0258555298338791,-0.0321025132993086,-0.0366484693651956,-0.0384506340530874,-0.0389556460600856,-0.0387437263128552,-0.0380071604646364,-0.0372375929636429,-0.0364518341046608,-0.0354962218483905,-0.0345203200688025,-0.0335513513345675,-0.0326020812606964,-0.0316802539222008,-0.0307913285447654,-0.0299361142188863,-0.0291158220233361,-0.0283306819639341,-0.0275818297406721,-0.026864824801427,-0.0261796056137041,-0.0255243490214389,-0.0248969158553972,-0.0242953458881195,-0.0237174189329626,-0.0231619934678236,-0.0226284088935413,-0.0221123476723998,-0.0216166042347187,-0.0211395433656759,-0.0206794171047794,-0.0202373751780306,-0.0198120601911471,-0.0194019496446571,-0.019006867151132,-0.0186268484000441,-0.0182597566983571,-0.0179054602440056,-0.0175640167199425,-0.0172346927020942,Delta
MSCI North America,0.356112848118564,-0.372615578829015,-0.345642055981706,-0.33988591823991,-0.334884132264561,-0.32915938536724,-0.322689281162382,-0.314664087694445,-0.304780386134611,-0.291727438015925,-0.273254774874548,-0.243747573683081,-0.19954493507265,-0.160779203873402,-0.135802347013137,-0.117714892493753,-0.104159819060345,-0.0934141767269652,-0.0843824797389879,-0.0772455097848267,-0.0712581838953101,-0.0658596291573598,-0.061108275003783,-0.0568828621816805,-0.0530906718132831,-0.0496480100674191,-0.0465143780512629,-0.0436407007224196,-0.0409863874066688,-0.0384963192684142,-0.036190580191259,-0.03403268382264,-0.0320118241222019,-0.0301249510603542,-0.0283696673230715,-0.0267513442536269,-0.0252604709868142,-0.0238804556387846,-0.022664175276174,-0.0215360445631553,-0.0205015560457915,-0.0195718581898183,-0.0186999941638628,-0.0178903981767001,-0.0171539686128579,-0.0164736121848814,-0.0158270154542324,-0.0152445470047331,-0.0147110744272064,-0.014206404998209,-0.0137307120919057,Delta
MSCI UK,0.0174236928240574,-0.047083088055389,-0.0245626311324617,-0.0223076214216162,-0.0213166360367359,-0.0207946765035156,-0.0204189236330832,-0.0201674026241522,-0.0199727436866388,-0.0198069601951126,-0.019697700979387,-0.0196498535419171,-0.0195410527005922,-0.0190219686079663,-0.0183206894325807,-0.0175475356590219,-0.0167913363136768,-0.015870005784089,-0.015138247881072,-0.0147626472151013,-0.0138631817254355,-0.0132791827369127,-0.012736173605485,-0.0122306123356129,-0.0117591081596614,-0.0113182877296809,-0.010905596214669,-0.0105183963498488,-0.0101542950450228,-0.00981062144203031,-0.00948657949659512,-0.00918016220123938,-0.00889007689940819,-0.00861533729906154,-0.00835508034064737,-0.00810875171951038,-0.00787546063581844,-0.00765415832970567,-0.00744590025754686,-0.00724799557899186,-0.0070601553333845,-0.00688232408321601,-0.00671265933023974,-0.0065509298442873,-0.00639715431944376,-0.00625047784804998,-0.00610987413572188,-0.00597607934686475,-0.00584835015147345,-0.00572577114329911,-0.00560812340346875,Delta
Small Cap CH,0.0027136357873315,0.000966139977809028,0.00303473357186034,0.00285537935549988,0.00284101683573151,0.0030586490639575,0.00336818306915425,0.00386504835142413,0.00453115232888511,0.00546717813141027,0.0068698968374816,0.00922109503805725,0.0126691298087565,0.0150750681397834,0.0160742170613583,0.0163889879812854,0.0163328267255729,0.0160646579989284,0.0157330166978276,0.0153451838987924,0.0149254262648568,0.0144950855763331,0.0140694224690991,0.0136542157547633,0.0132528368217536,0.0128677063252582,0.0124987902364441,0.0121464846305145,0.0118107584752609,0.0114922579817575,0.0111883112233305,0.0108989572728968,0.0106231970711176,0.0103598436992234,0.0101078241872118,0.00986589114206814,0.00963348458674501,0.00941036499990788,0.00919385175314086,0.0089859922333461,0.00878590089406212,0.0085925844520723,0.00840705113776214,0.00822858326980345,0.00805631944994984,0.00789034077877725,0.00773089432431529,0.0075766263002815,0.00742763125095739,0.00728415172590347,0.00714583626761993,Delta
Small Cap US,0.0170214530588278,-0.00817456591811039,-0.0186559391887819,-0.0189981036302234,-0.0188511195962026,-0.0186072678026793,-0.0183086591411965,-0.0179651526432274,-0.0175952726177184,-0.0171616431148693,-0.0166154142642161,-0.0158389740118965,-0.0146635567488878,-0.0132611232079563,-0.0120667202390808,-0.0110194175257744,-0.0101057146035455,-0.0093921828828958,-0.00868172313623892,-0.00797063215331514,-0.00746915394550987,-0.00697421810460164,-0.00652863455326905,-0.00612578055097677,-0.00576004611234181,-0.00542623785184266,-0.00512092345317181,-0.00484053266613292,-0.00458197809124573,-0.00434173534034151,-0.00411941158603756,-0.00391251564317141,-0.00371969233389596,-0.00354001719128246,-0.00337269467320665,-0.00321734230005719,-0.00307303031686379,-0.00293858131823534,-0.00281582352336862,-0.00270117504188685,-0.00259452571779086,-0.0024960467627297,-0.00240343782097183,-0.00231662968067276,-0.00223586632509679,-0.00216019638196607,-0.00208845084579917,-0.00202178680488037,-0.001959386189131,-0.00190021454510717,-0.00184414243611506,Delta
CHF Corporate,0.00414730905863114,-0.0556384224496248,-0.00660896189716032,-0.00291007251235954,-0.00191879925600614,-0.00171827669122405,-0.00186069450373898,-0.00217919354916466,-0.00252242004280622,-0.00287288633452159,-0.00320889234005096,-0.00350360281443493,-0.00373401858997262,-0.00392898395480145,-0.00404628329531117,-0.00419004506205826,-0.0042771680403035,-0.00434441802023735,-0.00439862136044334,-0.00444090947034719,-0.00447508278124824,-0.0045018421083319,-0.00452085696659714,-0.00453185209079091,-0.00453534724100025,-0.00453240626240736,-0.00452416745307436,-0.00451163128379594,-0.00449558957528266,-0.00447667065533064,-0.00445532815851542,-0.00443194459061479,-0.00440682601769344,-0.00438022190939165,-0.00435234385269702,-0.00433414578335102,-0.00430310733951841,-0.00427141993877312,-0.00423916759748115,-0.00420655064691522,-0.00417361621907248,-0.00414045676707997,-0.00410715267234261,-0.00407377273439134,-0.00404038378910503,-0.00400703918166067,-0.00397378066503963,-0.00394066356225512,-0.00392140871819213,-0.00388620030412923,-0.00385173158517905,Delta
CHF Sovereign,0.000275634526375992,-0.497382104635307,-0.21395084658558,-0.166674090313651,-0.139833143232532,-0.121492830853562,-0.107652690870936,-0.0965332432683465,-0.0872408027894021,-0.0791304222406972,-0.0716603077869432,-0.0640389825808219,-0.0560258320327177,-0.0497805735273484,-0.0454378262968819,-0.0421277292206981,-0.0394405948077533,-0.0371952999116652,-0.0352728281203398,-0.033583814921897,-0.0320915906911939,-0.0307409927775435,-0.029513470481855,-0.0283922256025985,-0.0273646874532231,-0.0264206166201406,-0.0255502320153336,-0.0247453993509825,-0.0239990999800524,-0.0233060056035597,-0.0226593616034406,-0.0220548252511476,-0.0214880876579525,-0.0209551364020825,-0.0204523829458711,-0.0199781053153187,-0.019526930075262,-0.0190980125616593,-0.0186813205607889,-0.018291025230375,-0.0179174231134974,-0.0175585920681612,-0.0172151512884514,-0.0168856988759274,-0.0165687154380134,-0.0162639027764636,-0.0159712369376523,-0.0156887045107865,-0.0154454735799964,-0.0151788975707117,-0.0149223315244154,Delta
CHF Sovereign 10+,0.000341972337021065,-0.00270992390679639,-0.0304845334929452,-0.0353254654571762,-0.0378817172969547,-0.039236237180953,-0.0399161331108388,-0.0400848284167035,-0.039786466393855,-0.0390373212867728,-0.0378491147592977,-0.0358782140350416,-0.0330622340242224,-0.0306881711189781,-0.0289904623874887,-0.0279012222323048,-0.026941610314729,-0.0260948217226635,-0.0253241311105759,-0.0246116234478723,-0.0239603083665159,-0.0233477740827023,-0.022769015499389,-0.0222166989472735,-0.0216869170578471,-0.0211784000441447,-0.0206901904809518,-0.0202218817227872,-0.0197730094317323,-0.0193435790000386,-0.018931642376813,-0.018536616234501,-0.0181574402045292,-0.0177928970432559,-0.0174417940137322,-0.0171246212695002,-0.0167943699634246,-0.0164753204941367,-0.0161598381715718,-0.0158609395047788,-0.0155710439772595,-0.0152891428514111,-0.0150163408059012,-0.0147519302574153,-0.0144950365703011,-0.0142457905169109,-0.0140045187737122,-0.0137697731204849,-0.0135580923526413,-0.0133337546136154,-0.0131167634465322,Delta
EM HC Corp,0.0075481205300113,-0.134554525707099,-0.0804367435470276,-0.0702993873541275,-0.0638064241150292,-0.0587812858456147,-0.054602362556705,-0.0508363511144953,-0.0473714497065949,-0.0440813089096273,-0.0408439831382838,-0.0373165638280237,-0.0335787578071649,-0.0305336745929834,-0.0283287424181125,-0.0265862481093938,-0.0251262362308737,-0.0238555180846576,-0.0227211936658782,-0.0216921037904403,-0.0207554351968092,-0.01988910488264,-0.0190852628827476,-0.018336431671784,-0.0176370796757409,-0.0169828072477619,-0.016369465119106,-0.0157935025932583,-0.0152517458271773,-0.0147415729502166,-0.0142599450914244,-0.0138046525904798,-0.0133735549840623,-0.0129646758008638,-0.0125762480096019,-0.0122049688922094,-0.0118532770614629,-0.0115179280288016,-0.0111962305698067,-0.0108904633481084,-0.0105980298954269,-0.0103180510656065,-0.0100501008888199,-0.00979343459283115,-0.00954735154030216,-0.00931135265240419,-0.00908497207843,-0.00886756995372836,-0.00868934180228763,-0.00848443060077946,-0.00828794399398655,Delta
EM HC Sovi,0.0065301593565746,0.0440800420703549,0.0100326663134301,0.00576631789502763,0.0035395958799885,0.00208919121264121,0.000842549444502136,-1.83415348048504E-05,-0.000817266089413226,-0.00152924535427646,-0.00215902028860937,-0.00281486097577472,-0.00336361576699077,-0.00381689012362658,-0.00411553682673144,-0.00438782460496561,-0.00457130103718451,-0.00470435754188438,-0.00480050083001129,-0.004873365656606,-0.00492491058614277,-0.00495807626740306,-0.00497459233589082,-0.00497658468116267,-0.00496597677714212,-0.00494440283713009,-0.00491330586462327,-0.00487393239816541,-0.00482739941946573,-0.00477465175902143,-0.00471669897227326,-0.00465433691489596,-0.00458831750720449,-0.00451933413421648,-0.00444801787792155,-0.00435988199609963,-0.0042866518092125,-0.00421251532283392,-0.00413888686413867,-0.00406407908866622,-0.00398938880235958,-0.00391515728583179,-0.00384133167776303,-0.00376813575565991,-0.00369581636114339,-0.00362441236599144,-0.0035538893843753,-0.00348457792879987,-0.00346011219811376,-0.0033892835485384,-0.0033200009600906,Delta
EM LC Corp,0.00271704723036438,-0.0327612218738325,-0.0192751551328785,-0.0185716236072538,-0.0184574878979102,-0.0184992797340249,-0.0184656373674748,-0.018510233446477,-0.0184552281354289,-0.0182682548134144,-0.0179008158023114,-0.0172170629009657,-0.0161957350112953,-0.0153904485776322,-0.0148797622240711,-0.0145261002425557,-0.0142337126021516,-0.013978226531311,-0.0137405985580535,-0.0135164143974542,-0.0133055715396191,-0.0130997839449429,-0.0128995516312542,-0.0127034731016639,-0.0125103534132789,-0.0123195302120268,-0.0121304758008432,-0.0119431355085888,-0.0117576337910104,-0.0115744518223179,-0.0113932274500854,-0.0112142438742158,-0.0110375508427105,-0.0108630976860367,-0.0106908104968092,-0.0105324892619105,-0.0103634995559665,-0.0101967188163166,-0.0100289929353754,-0.00986669164579285,-0.0097066114363882,-0.00954856926288411,-0.00939332451886189,-0.00924077521922671,-0.0090907279605132,-0.00894342173083985,-0.00879916024598857,-0.00865743871555324,-0.00856173961477408,-0.00841933152089776,-0.00828093746931357,Delta
EU High Yield,0.00255860745135975,0.0321789694409242,0.0301902484236087,0.0315685473073721,0.0328409983078983,0.0338259758388884,0.0346679935825191,0.0352180014170635,0.0355187822128691,0.0354903971882326,0.0350058093637907,0.0337362064520102,0.0314962995476259,0.0296913795449007,0.0285504514130406,0.0279850963431619,0.0275041438879994,0.0271084074847433,0.0267617471297157,0.0264477921037633,0.0261690398390071,0.0259012161816086,0.0256427251791548,0.0253885389120459,0.0251360374833352,0.0248846990977074,0.0246340643915391,0.0243845177374233,0.0241365942035041,0.0238916661529691,0.0236484943672721,0.0234077125321222,0.023169255550411,0.0229327499067895,0.0226977588888008,0.0224724535542019,0.0222374631991688,0.0220037647256387,0.0217606518564704,0.0215289803033077,0.0212980604909034,0.0210671108861728,0.0208386321495455,0.0206122352977238,0.0203871956988088,0.0201643541994099,0.0199448552874248,0.0197268928347792,0.0195176919836935,0.0193042579086746,0.0190942271501023,Delta
EUR Corporate,0.0196647045801251,0.125002179829698,0.0751399347062849,0.0628294551511339,0.0550403471722556,0.0493453409741514,0.0448488739183017,0.0410168527977623,0.0376643920787701,0.0345209065952886,0.0313422806715935,0.0276654550881085,0.0232351552954219,0.019751416325776,0.0175174764652952,0.0158737009784958,0.0146301169856842,0.0136291355193432,0.0127930234084432,0.0120741293729009,0.01145645110464,0.0109027341660357,0.0104062914688799,0.00995868699857927,0.00955346156988298,0.00918550295342969,0.00884960610034047,0.00854185789908398,0.00825909395952801,0.00799960217033683,0.00775942788678643,0.00753698523978928,0.0073302769212973,0.00713724287602298,0.00695596548109805,0.00677028500437037,0.00660843577387946,0.00645435466605046,0.00629573478688331,0.00615400626441525,0.00601709690097269,0.00588352428486703,0.0057554212049551,0.00563187436733186,0.00551164238688734,0.00539524237280086,0.00528358346198854,0.00517435280115174,0.00507671282544067,0.00497429579384505,0.00487519308363753,Delta
EUR Corporate 10+,0.00134063137275637,-0.0702001359768837,-0.0517245778592436,-0.0452776914393487,-0.0404560779510389,-0.036509002588574,-0.0330689525595625,-0.0299446109827427,-0.0271099854087325,-0.024463657515592,-0.0219442170695743,-0.0192987095284596,-0.0166646452029501,-0.0145523276038236,-0.0130351109769392,-0.0117469575498692,-0.0107013326901001,-0.00980258475709895,-0.00900986710620019,-0.00829658627073599,-0.00764970409815196,-0.00705611728175901,-0.00651160820511905,-0.00601201433106896,-0.00555332483267888,-0.00513162168943701,-0.00474314003083209,-0.00438460540692228,-0.0040531514907112,-0.00374633769961981,-0.00346177287033941,-0.00319751331700153,-0.00295176899659461,-0.00272292521247011,-0.0025095427238322,-0.00232615877316351,-0.00213958744440386,-0.00196495702460201,-0.00180116884252478,-0.00164787753531458,-0.00150408868907132,-0.00136914216930291,-0.0012424407299508,-0.00112341431245426,-0.00101155383905075,-0.000906378741134915,-0.000807422579450044,-0.000714316772641439,-0.000598431999785522,-0.000517392015624287,-0.000441090581622672,Delta
EUR Sovereign,0.0382619729712502,0.0621178130182219,0.0493101571795074,0.045349180840649,0.0425398480965471,0.0402241684663435,0.038182849065347,0.0360827501212085,0.0339512392001323,0.0316162203428819,0.0288802048168844,0.0251073404363929,0.0201012785898446,0.0160904752879176,0.0136257781489216,0.0118432576467265,0.0105553247780474,0.00954376702082278,0.00870966877423112,0.00799774792688396,0.00739760885939431,0.00686397228694041,0.00639205187905115,0.00597202786976831,0.00559630099174287,0.00525937040545904,0.00495561265602131,0.00468117690642542,0.00443305132210176,0.00421014680255344,0.00400767875007354,0.00382424715026185,0.0036576516384171,0.00350543494145294,0.00336523488798186,0.00323694773727347,0.00311386117061918,0.00299804176145668,0.00287035247979306,0.0027650033097306,0.00266318485604086,0.00256276994339565,0.0024673775769781,0.00237575421743933,0.00228608819068546,0.00219937532909775,0.00211724575744589,0.00203610362621815,0.00195112057835207,0.00187537788268891,0.00180285598056645,Delta
EUR Sovereign 10+,0.0136375645268715,0.0968304638309079,0.0446712146423706,0.0370848254817839,0.0328591009356647,0.0297825685392737,0.027335341096777,0.0252950223869381,0.0233727391935576,0.0214827381217134,0.0195243142327859,0.0171630975907364,0.0143982608229871,0.0121216646834734,0.0105916088813502,0.00954463763786254,0.00872509978387715,0.00805868518450109,0.00749548160092084,0.00700871828365474,0.00659480929637583,0.0062311092829533,0.00591120658739898,0.0056267929129846,0.00537194666561433,0.0051427802254934,0.0049358726530156,0.00474873886602687,0.00457930839686554,0.00442637318602355,0.00428720629371137,0.00416059375870361,0.00404505367856694,0.00393906972176057,0.00384122609631047,0.0037497975262743,0.00366377319962274,0.0035830930286544,0.00349952219428801,0.00342710237243041,0.00335779027560303,0.0032905327526102,0.00322668240962038,0.00316558457064311,0.00310637274649275,0.00304935599769265,0.0029951131755253,0.00294208004376323,0.00292011682014351,0.00286723919494987,0.00281682905251355,Delta
GBP Corporate,0.00146551340627317,0.238902588154094,0.129512500913037,0.107058572684223,0.0931641571625575,0.0829858383112597,0.0749766443175771,0.0682650313701272,0.062481951739933,0.0572517261239174,0.0522647180536576,0.0470032701362573,0.0412612947085056,0.0367713250188204,0.0337039256796196,0.0312898589774253,0.0293649772218869,0.0277509036663929,0.026357200243821,0.0251240116655223,0.0240261898488346,0.0230246752336164,0.02210883970242,0.0212680726053322,0.0204939110834523,0.019779141609828,0.0191167205099241,0.0185008997219934,0.0179268083203355,0.0173908983893836,0.0168883805536172,0.01641635729303,0.0159718766353623,0.0155521503732574,0.0151546741453496,0.0147674109897117,0.0144090305350916,0.01406732105158,0.0137342489534937,0.0134217289697924,0.013121937985724,0.0128334463011179,0.0125569041846736,0.0122912721522541,0.0120353955836845,0.0117891169944018,0.0115524948218473,0.0113239276398784,0.0111200314395995,0.0109059397497249,0.0106995655646704,Delta
GBP Corporate 10+,0.000635006761440927,-0.00812754895482621,0.000477362393396759,0.00456482632772414,0.00726843022585931,0.0091836398630544,0.0107460695635243,0.0118320968661561,0.0126492340891501,0.0132533363580921,0.0135501785282059,0.0134255796132637,0.0127719939241708,0.0122673048836305,0.0119704822460974,0.0118970930382198,0.0117983142276183,0.01171496814784,0.0116456791888755,0.0115798674143811,0.0115206860139575,0.0114584077253727,0.0113931133335905,0.0113237260982388,0.011250217341853,0.0111732701316159,0.0110933649948163,0.0110111834270204,0.0109273508805996,0.0108427830115676,0.0107572039262882,0.0106711041724889,0.0105846373514207,0.0104977895345982,0.0104104952798734,0.0103211994077164,0.0102324812539472,0.0101434433702572,0.0100494489163118,0.00995971036189829,0.00986958599692498,0.00977877368608853,0.00968841310944069,0.00959836857411257,0.00950835257801743,0.00941876472076104,0.00933013822904037,0.00924169901118977,0.00919739710173435,0.00910558943755983,0.00901546069595692,Delta
GBP Sovereign,0.00768542306952726,-0.0576050578900847,-0.0127265012600783,-0.00678536162890885,-0.00377401725255245,-0.00195652231048289,-0.00079814803607534,3.30293592545501E-05,0.000560429103944354,0.000830825214483301,0.000899813119662366,0.000700078541257624,0.00026749797925524,-0.000130307761811039,-0.000351623842588236,-0.000554527378236488,-0.000682790628737437,-0.000789973032812463,-0.000889468958689369,-0.000983438606319941,-0.00106948470025271,-0.00115073680336047,-0.00122585137904722,-0.00129535330941529,-0.00135993694182376,-0.00142005635231499,-0.00147614312873351,-0.00152836830307854,-0.00157681857011295,-0.00162137496913719,-0.00166250200257642,-0.00170023844362203,-0.00173478501169907,-0.00176641034848642,-0.00179539977128352,-0.00181860069789555,-0.00184358056608796,-0.00186652948078836,-0.00189015768209912,-0.00190966462914106,-0.00192773198545088,-0.0019446909131972,-0.00196007021277196,-0.00197408403808179,-0.00198702727956502,-0.00199880222394919,-0.00200921947809588,-0.00201882487068814,-0.00203153190757578,-0.00203926502832911,-0.0020458845045774,Delta
GBP Sovereign 10+,0.00530670035189951,0.0204656270619816,0.0128236023793473,0.0116356932317445,0.0109666381880837,0.010547436870249,0.0101921424375529,0.00979238593501157,0.00935763404770333,0.00889524613542058,0.00831838348840841,0.0074449748932983,0.00638715643513594,0.00548733597237036,0.00484559602036215,0.00446117600547439,0.00410636143286967,0.00380175677758862,0.00353954371486304,0.00330501677961974,0.00309831367734743,0.00291038797725108,0.0027390450938608,0.00258145301968459,0.00243584520998864,0.00230123148962723,0.00217670228299086,0.00206159101883761,0.00195529914273554,0.00185747868012994,0.00176711447715571,0.00168374591227731,0.00160676711302908,0.00153553361854397,0.00146942754576823,0.00141205858688075,0.0013540798786022,0.00129987875676196,0.00124621716014853,0.00119838321365369,0.00115320555449479,0.00111019944683153,0.00106979308662841,0.00103165800277021,0.000995388758043897,0.000961027056897276,0.000928720819024376,0.000897814522761735,0.000910807188108184,0.000877408191006153,0.000846402739633949,Delta
Global MBS,0.044613450480935,-0.205202626065141,-0.0980697933612057,-0.0766371530701887,-0.0633222449787714,-0.0537491866324954,-0.0463678392358188,-0.0402946143987768,-0.0353865943864616,-0.0314270756125308,-0.0282905457410041,-0.0261138263917462,-0.0250051872563219,-0.0241683780431442,-0.0231928994256094,-0.0222602505341471,-0.0213258822642609,-0.0204471996878277,-0.0196343027671846,-0.0188829574888138,-0.0181734241020666,-0.0175123824459721,-0.0168906954068687,-0.0163064259785154,-0.0157579546335282,-0.0152426418834813,-0.0147581680709536,-0.0143015271372654,-0.0138697542077998,-0.0134591156151159,-0.0130691560979464,-0.0126974988937321,-0.0123427923210278,-0.0120042805560376,-0.0116814868143768,-0.0113481054336582,-0.0110588827699578,-0.0107835333573224,-0.0105364499639163,-0.0102881392520942,-0.0100528856642026,-0.00983145268126354,-0.00961981158939539,-0.00941812653741948,-0.00922715010533003,-0.00904527531503466,-0.00887036173796779,-0.00870493875888901,-0.00857230974709135,-0.00842021978280082,-0.00827379949545576,Delta
Hybrid,0.00185908119659345,0.0838249263677764,0.0702096319571803,0.0640079178867379,0.05919668662683,0.0552168308069198,0.0517325671649003,0.0484562078441769,0.0454205813927958,0.0424914768915508,0.039499424724069,0.0360675721981344,0.0321210449801867,0.028968932151757,0.0267910784833464,0.0252297459273303,0.02394616389186,0.0228651953230922,0.02192844219837,0.0210980970448771,0.0203603186314463,0.0196861013649087,0.0190686267430474,0.018500064221914,0.0179743762795557,0.0174867862910715,0.0170326704971284,0.0166084226951874,0.0162110290927068,0.0158384942190834,0.0154874677256333,0.0151562021017004,0.0148427637002074,0.0145452560447682,0.0142619475197087,0.013993648342635,0.0137341642245345,0.0134851649481653,0.0132391287126983,0.0130082622662924,0.0127851949702499,0.012568826325701,0.0123601228524627,0.0121583295188255,0.0119625432602556,0.0117728526395236,0.011589558546381,0.01141122957859,0.0112320994200469,0.0110649598645349,0.0109027530257358,Delta
JPY Corporate,0.000457404715297959,0.00951723455721002,0.0609249365035876,0.0583871688024876,0.0542070670742178,0.0500224352638947,0.0460700936310122,0.042324006341052,0.0388566013301863,0.0355486895798547,0.0323020900885097,0.028843359339841,0.0251849402463916,0.0222125893381321,0.0201054422402698,0.0184560904652078,0.0171065332390304,0.0159472789188684,0.0149273856420713,0.0140172444890096,0.013199193285955,0.0124488820494488,0.0117587298514718,0.0111223231607676,0.0105347026223304,0.00999136210816401,0.00948769941452683,0.00901971644035737,0.00858391814765021,0.0081775466569898,0.0077973969912136,0.00744126494357256,0.00710701994318618,0.00679270339227512,0.00649656406054924,0.00618959297317478,0.00592774015386591,0.0056799254836209,0.00544251117893758,0.00521969801183573,0.0050079784332472,0.00480642012170846,0.00461489022300763,0.00443264707159391,0.00425894793745912,0.00409342601029358,0.00393580351397769,0.00378525584795126,0.00365119467984808,0.00351527128138422,0.0033849618155315,Delta
JPY Corporate 10+,2.65921914477549E-05,0.0513106670925498,0.0305085999651739,0.029875896027516,0.0298489924605821,0.0298426535010182,0.0296710902106682,0.0293920545663775,0.028866414348628,0.0281290498843607,0.0271124687585131,0.0254829557487974,0.0233552814137996,0.0215920903265009,0.0204490058612484,0.0194780259952764,0.01870481310451,0.0180291467436579,0.0174203610576271,0.0168579746556898,0.0163376205768178,0.01583983143598,0.0153614252211618,0.0148999104888568,0.0144551093851338,0.0140275669635511,0.0136171472275668,0.0132236160840341,0.012846535737291,0.0124857413443937,0.012139797340293,0.0118081931583319,0.0114901213972254,0.0111846926556644,0.0108910402456847,0.0105955234528018,0.0103241822149252,0.0100626656933323,0.00980612807474139,0.00956259075880605,0.00932722937693167,0.00909933862413979,0.00887950743891691,0.00866721199505675,0.00846183702754744,0.00826337349226268,0.00807192645545572,0.0078865480257475,0.00773832852012134,0.00756157226538351,0.00739113955604512,Delta
JPY Sovereign,0.0213664537725733,0.262173413153763,0.16046307130033,0.134615769653059,0.117792871415163,0.10536211468379,0.0953444000468295,0.0866675364274703,0.0790609163000238,0.072043171778119,0.0651793624609723,0.0576239900572861,0.0491620719312272,0.0424436011358597,0.0379354917445351,0.0344937544225797,0.0317851903597543,0.0295375471747226,0.0276159011607529,0.0259324674453516,0.0244514048350892,0.0231084383258164,0.0218883170405961,0.0207754985375325,0.0197581406393012,0.0188263017371145,0.0179698431465991,0.0171805294213398,0.0164513793484414,0.0157776368711592,0.0151517953255802,0.014569792273993,0.0140272381931822,0.013519860380214,0.0130437583509292,0.0125683399135437,0.0121472571345328,0.0117487755844557,0.01135644826653,0.0109965300521016,0.0106529682313719,0.0103232353560676,0.0100093450014323,0.0097095652788608,0.00942182307009941,0.00914625152690879,0.00888348295125888,0.00863026876051495,0.00840177890784019,0.00816867159108892,0.00794496943065427,Delta
JPY Sovereign 10+,0.00999805414870091,-0.0336711203511447,-0.0129025574034547,-0.00671627042501769,-0.00249818880481348,0.000783332456365426,0.00324627163074266,0.00529150320199051,0.00680174612611959,0.0078981790632869,0.00855391438312107,0.00852057350349095,0.00790469814196526,0.00732692567032896,0.00708261505375663,0.00690410981933417,0.00679320008773341,0.00669798483037773,0.00661082289589109,0.00652420959342037,0.00644145296155142,0.00634800868702932,0.00624388934544834,0.00612938811991439,0.00600697477445697,0.00587973669872456,0.00574977345274782,0.0056188585803126,0.00548830845186025,0.00535959865954229,0.00523248896135688,0.00510768592884787,0.00498540289331713,0.0048655920018602,0.00474811529548268,0.00461360835012558,0.00450154179584648,0.00439163710977578,0.00427756927012685,0.00417151572434661,0.00406715484691778,0.00396395853161893,0.00386333409558587,0.00376498452642602,0.00366840688492398,0.00357403005421259,0.00348246756734619,0.00339257041624968,0.00334206670458691,0.00325333017188907,0.00316738533726142,Delta
US High Yield,0.00828746513666771,0.132551178989794,0.0740962862730771,0.0647818737393017,0.0594888996767873,0.0557582893157425,0.0527120978274459,0.0502651187407347,0.0479840933497037,0.0456918901441852,0.0431779469256374,0.0399317193416694,0.0357989040329295,0.0325539340222926,0.030458322041055,0.028995391103272,0.0278501856071963,0.0269152185914351,0.0261192159786352,0.025418688534052,0.0248038774321491,0.0242398779438542,0.0237216600211493,0.0232410006001351,0.0227918769212764,0.0223702290153719,0.0219721625939616,0.02159510701296,0.0212370956756283,0.0208974624499421,0.0205729795539692,0.0202627462083758,0.0199653143615638,0.0196790662335061,0.0194024637038615,0.0191536268867089,0.0188904073044221,0.0186339668701165,0.0183719585432837,0.0181266970107268,0.0178859828243749,0.0176485239768092,0.0174166773275703,0.0171896723852574,0.016966399980324,0.0167475073196816,0.0165340069486483,0.0163236839327335,0.0161129120090969,0.0159101882334725,0.0157122446188322,Delta
USD Corporate,0.0361721501041984,-0.0406118100760946,-0.024298403695593,-0.0194319967682163,-0.0159568626674721,-0.0132789081700745,-0.0110472757567568,-0.00921848148403204,-0.00773512633705552,-0.00662386755592633,-0.00596617526181275,-0.00604244384373749,-0.00711013561961742,-0.00788971263309306,-0.0080700736356069,-0.00806390762132143,-0.00789787242029744,-0.00766545401907654,-0.00740409466222284,-0.00713527253010819,-0.00685527221729239,-0.00658432830136121,-0.00631920192800728,-0.00606159560443752,-0.00581281805795906,-0.00557319154486847,-0.00534337170489571,-0.00512303401471878,-0.00491153169939618,-0.00470709037985611,-0.00451093571859383,-0.00432207726118979,-0.00414033717510105,-0.00396595338567153,-0.00379928650222219,-0.0036256302009121,-0.00347722349809992,-0.003336677502652,-0.00321834790458703,-0.00309404263913266,-0.00297795053545491,-0.00287108632145435,-0.00276983929743009,-0.00267460556622358,-0.00258630245507111,-0.00250358731555733,-0.00242460229303899,-0.00235189117901018,-0.00229817223131814,-0.00223336242336157,-0.0021717397958354,Delta
USD Corporate 10+,0.0156419656436551,-0.0976823795458751,-0.0732166822180566,-0.0659170528981589,-0.0605464684001036,-0.0560973622275133,-0.0521547011458926,-0.0485121628742261,-0.0451059856502319,-0.0418273032957867,-0.038659142220137,-0.0353733581383707,-0.0321529638527864,-0.0294859496708774,-0.02753464870525,-0.0257189473114013,-0.0242464352518705,-0.0229423166749457,-0.0217524556171209,-0.0206549938186166,-0.0196363532867887,-0.0186843300712628,-0.0177936375770843,-0.0169596678620225,-0.0161782644478882,-0.0154453424480604,-0.0147569523509515,-0.0141094497241149,-0.0134995058000421,-0.01292402086189,-0.0123804294615411,-0.0118662836238926,-0.0113794505118715,-0.0109180681173492,-0.0104805086661853,-0.0100501080001846,-0.00965764058725628,-0.00928486323522863,-0.0089335778460894,-0.00859716553355752,-0.0082774565623612,-0.00797384672685923,-0.00768473553018385,-0.00740945593378164,-0.00714755001693434,-0.00689805162251358,-0.00665987193124045,-0.00643311916528739,-0.00620135876001656,-0.00599620355505731,-0.00579998742905652,Delta
USD Sovereign,0.0728093418564375,-0.00236698326691789,0.0083309520267085,0.0123726269409407,0.0150435818409339,0.0169028860929399,0.0182255061904611,0.0187712603309764,0.0187806984175488,0.0181382052547589,0.0166079015958869,0.0133070383211692,0.00792673319985882,0.00365874638906928,0.00134128146081278,-0.000216741108171964,-0.00117989130175762,-0.00183592013451742,-0.0023083389647604,-0.00266878123472891,-0.00292099399881239,-0.00312402586673598,-0.00327792614091473,-0.00339261291642734,-0.00347587675730902,-0.0035327497862271,-0.00356873782846907,-0.00358684942745287,-0.00358906657519482,-0.00357457785171085,-0.00354889585235496,-0.00351232626520757,-0.00346673310305526,-0.00341461896818698,-0.00335854203543631,-0.00327288355705108,-0.00321874035453815,-0.00316529571104651,-0.00314406220240165,-0.00309639288464492,-0.00305332979531937,-0.00301785210206372,-0.00298318006095034,-0.00295088076921607,-0.00292354599013703,-0.00289898962527822,-0.00287393594119903,-0.00285418997606486,-0.00286453669620636,-0.00284818331493701,-0.00283191451307163,Delta
USD Sovereign 10+,0.023029033612544,0.0980697008071377,0.0342542465072065,0.0208998816611653,0.0127701920688585,0.00697461371805653,0.00256214795854625,-0.000917339839200313,-0.00372995717896626,-0.00604362684268702,-0.0080142057065584,-0.00987515131817863,-0.0115990137449474,-0.0129073272772734,-0.0138077115969374,-0.0143189774720774,-0.0147129897343953,-0.0149826021447842,-0.015154499138473,-0.0152579024448412,-0.015303192545733,-0.015304390224414,-0.0152672480188338,-0.0151979769233642,-0.0151022223183493,-0.0149848141857674,-0.0148500067207504,-0.014701150402975,-0.0145409490832637,-0.0143713344378048,-0.0141946830023387,-0.0140124628154269,-0.0138261103880224,-0.0136369731977364,-0.0134462619166215,-0.0132250459958498,-0.013036123004221,-0.0128482468415049,-0.0126665232307945,-0.0124826665542664,-0.0123015301923965,-0.0121238420506819,-0.0119487629742343,-0.0117766971433253,-0.0116081956073843,-0.0114430137749634,-0.0112806798699038,-0.0111222173722496,-0.0109594878333059,-0.0108100976880902,-0.0106632185564515,Delta
Agriculture,0.00223792900885797,0.0801529240778326,0.0452596204153859,0.0364904678816634,0.0307140680306892,0.0261607507709602,0.0226187690363474,0.019525638094962,0.0168911784220921,0.0144934248778286,0.0122582463025335,0.0100602395315321,0.00768730273224711,0.00576637473225044,0.0044693475916229,0.00349081803463128,0.00277332856706586,0.00215468372204102,0.00168933549778008,0.00132337667157589,0.00102578719288398,0.000780120119765214,0.000584568840993788,0.000436894462258415,0.000339622643781576,0.000246779473560279,0.000208078963780983,0.00019944098582214,0.00021671123243299,0.000293595614568203,0.000335397400170676,0.000404136291805495,0.000492628725588049,0.000592458376620708,0.000682757232724716,0.000788708101454789,0.000881320404637191,0.000978633187547798,0.00104267591387451,0.00110029824039285,0.00114013520876244,0.00114750203106308,0.00117894398966861,0.00120017947361593,0.00121803025772098,0.00123080474245418,0.0012608621422871,0.00126275589616186,0.00126251492990481,0.00124657481170107,0.00123989649389521,Delta
Energy,0.0111896450442899,-0.213954258000044,-0.148574572793924,-0.138142532157229,-0.131370800659354,-0.125446313198068,-0.12031418109631,-0.115140764234416,-0.110074231159303,-0.104650469554728,-0.0983393405248994,-0.0901756732802692,-0.07929067092913,-0.069641536455334,-0.0630951889428841,-0.0581026549180887,-0.0542352649795265,-0.0510647277450099,-0.0482907618055393,-0.046045115511971,-0.0440611158454053,-0.042225745551654,-0.0405465384931678,-0.0389885219173507,-0.0375237778263617,-0.0361047457566409,-0.0347510791244872,-0.0334362480219311,-0.032142497314624,-0.0308329551631182,-0.029531771861069,-0.028235196738895,-0.0269447778889414,-0.0256712181490075,-0.0244272397646057,-0.0232370444570733,-0.02210887810748,-0.0210325401345442,-0.0200802291228759,-0.0191925818850384,-0.0183731617358227,-0.0176516666939488,-0.0169586075551263,-0.0163099574855289,-0.0157275201454699,-0.0151907010046542,-0.0146617567026044,-0.014206892164366,-0.0137827154742886,-0.013390018522177,-0.0130205592184226,Delta
Gold,0.0279741126107247,-0.0647016990466162,-0.0448288151710957,-0.0389031344239171,-0.0345306066076115,-0.0308861351750559,-0.0276988896658809,-0.0249402071192331,-0.0224566949316191,-0.0203061046945108,-0.0185275898757389,-0.0172752988312994,-0.0169128396261224,-0.0168696726176985,-0.0166384831913069,-0.0163604219590268,-0.0160129835325228,-0.0156349827959008,-0.0152687079901734,-0.0148259547198164,-0.0143674552489907,-0.0139171723804242,-0.01345499058772,-0.0129813828331812,-0.0124994547802952,-0.0119713866683712,-0.0114652172600958,-0.0109430173964347,-0.0104072477110133,-0.00984900214238434,-0.00932030741577658,-0.00878691921988596,-0.00826788815621931,-0.007784228630264,-0.0073415927417958,-0.00698372490868624,-0.00664367829628424,-0.00635757438553183,-0.00607531792465579,-0.00586639438628058,-0.00568634338310901,-0.005527442710045,-0.00538978682315639,-0.00527098889757789,-0.00516044149829384,-0.00505968094096415,-0.00497015685706288,-0.00488427157183719,-0.00480495402013248,-0.00471653861577005,-0.00464570129969,Delta
HFRICRDTXXXX,0.00738516572923131,0.0171779725676389,0.0291331364687169,0.0343729111922724,0.0373279282478536,0.0389622669711549,0.0397992009683565,0.0399567774829252,0.0395937515349282,0.0386297078414213,0.0369244413472269,0.0338999546330545,0.029085682173208,0.0246077052131757,0.0216103198688899,0.0193073098706515,0.0175273859537522,0.0160733422776687,0.0147879340181311,0.0137584291222265,0.012847600494282,0.01199509123464,0.0112119912800879,0.0104833602149156,0.00979862442292201,0.00913296186342515,0.00850511195546709,0.00789828009191011,0.0073072564169629,0.00671623555581967,0.00615383195229164,0.00560220550249719,0.00506635509574909,0.00455544381611996,0.00407620944249752,0.00364021797674084,0.0032426206814829,0.00286918750100065,0.00257355537817258,0.00229489958276313,0.00204927117885761,0.00184480615193293,0.00165118958069996,0.00146673094549569,0.00131895217369948,0.00118771961746871,0.0010667641466881,0.000963332662981654,0.000869792655159944,0.000787668164121259,0.000714135898053207,Delta
HFRIEDI,0.00788869975622435,-0.0440155303153678,-0.00701334608623027,0.00572328750968962,0.0132354185317405,0.018152852964214,0.0216158485783893,0.0237340267500004,0.0251108477017715,0.0256892632432912,0.0254944447721615,0.0240118866185276,0.0209135012720715,0.0178623880330835,0.0158471361073955,0.0142867941437532,0.0130802279747047,0.0121221444597532,0.0112598184839162,0.0105693257065224,0.00995579887288047,0.00937169835911245,0.00882998265436268,0.00831865561797633,0.00783075545956757,0.00735480701360743,0.00689805459719205,0.00645256723931532,0.00601469463854773,0.00557021979793319,0.00514646101764431,0.00472246987738012,0.0043041406539035,0.00389926446522981,0.00352086021941522,0.00316221863714925,0.0028391252111445,0.00252963977503942,0.0022840261858216,0.00204417299228837,0.00183737648460513,0.0016696620618602,0.00150366770825136,0.00135472816479609,0.0012248121682994,0.00110917624282036,0.000995837457240143,0.000905225921440999,0.000822995709549539,0.000751468841074406,0.000689329409430447,Delta
HFRIEHI,0.00839223378321739,0.0269862856101609,0.023678239757596,0.0266454980485416,0.0286660271431764,0.0299373905135456,0.0309400728683348,0.0310715058985489,0.0309383872479732,0.0304757987813976,0.0292839797997546,0.0268644160693834,0.0229892003471356,0.0193645809743783,0.0169367174665816,0.0151201345956405,0.0137266451795617,0.0126446500620261,0.0116809399927026,0.0109228087707634,0.0102633307633705,0.00964917577719466,0.00909117574935694,0.00857389598021577,0.00808771830846598,0.00763357206581615,0.00719494941872012,0.00677441451759008,0.00636729849412459,0.00595764922179065,0.0055714195735079,0.00518557299170729,0.00480496171550588,0.00443474389542694,0.00409021610336375,0.00375315443366621,0.00344992508863343,0.0031600500827365,0.002923194205474,0.00268609199301082,0.00248222946323408,0.00231639387400962,0.00214898678704376,0.00200835171416081,0.00187170786464517,0.00174890334333355,0.00162152393242341,0.00152403194141344,0.00143467248329214,0.00135634978299052,0.00128773321077746,Delta
HFRIEMNI,0.000559482252214493,0.0229215587960547,0.05022150761106,0.0531427394961706,0.053269985642682,0.0522778069636199,0.0506595110228787,0.0490533656070624,0.0470361007376573,0.0446411079311963,0.0417093843746021,0.0378309513544388,0.0325122865558155,0.027751157226438,0.0244810039166191,0.021983730739492,0.0200125023341872,0.0183599835747524,0.0168931896517583,0.015689838319452,0.0146126150547019,0.0136076781007006,0.0126780425490008,0.011809822008626,0.0109919338797843,0.0101915608298847,0.00943543593972897,0.00870112943910536,0.00798352423561264,0.0072649136110437,0.00658426878871933,0.00592355845439137,0.00528863933358586,0.00469248119775796,0.00413191179155685,0.0036507031926005,0.00320473613166975,0.00279821955223713,0.00247459442460272,0.00219289926697729,0.00193844162947549,0.0017219667477898,0.00152851864909601,0.00133044460855487,0.001189978227585,0.00106638269618215,0.000962994912674754,0.00086596714490976,0.000779159319945806,0.000703193927734469,0.000630426195114894,Delta
HFRIMI,0.004246470294308,0.358721727719819,0.176936756457567,0.143525663830336,0.126006578728126,0.113991561767721,0.104853894170081,0.0973208085572263,0.0905968931225256,0.0842455118127831,0.077317481646999,0.0689551642716963,0.0583993146265816,0.049203231645966,0.0429295597210836,0.0382651883967915,0.0346439881136317,0.0316737976619636,0.0290967632493665,0.0270372887658784,0.0252380743585685,0.0235926656727723,0.0221044943117369,0.0207412541850572,0.0194788179084093,0.0182881268447224,0.0171623545029618,0.0160889874277207,0.0150556953773797,0.0140313090840124,0.0130617063693927,0.0121200506866343,0.0112113050727947,0.0103467411984948,0.00953051155384737,0.00879032271574306,0.00810543677969677,0.0074734624846036,0.006947045676705,0.00646466898842214,0.00602794507800241,0.00565414252888506,0.00530436403169945,0.00498338522826128,0.00470489470078615,0.00445427113229799,0.00421055005516411,0.00400819220542546,0.0038228790638696,0.00366032331323091,0.00350237679437265,Delta
HFRIMTF,6.71378702657392E-05,-0.0477742516084731,0.0206893231376527,0.0362628516433502,0.0431078828051216,0.0464116138393556,0.0479776118431138,0.0484364272479724,0.0481535044154621,0.0468995674532784,0.0449515554167305,0.0417340522041868,0.0366705172485728,0.0319904508557068,0.0287869772715425,0.0264007588521099,0.0244900570727202,0.0229378792815911,0.0215570931628949,0.0204190791574188,0.0194038693689545,0.01845076867201,0.0175672083170336,0.0167334884139741,0.0159382435409115,0.0151704959249003,0.0144221188355823,0.0136914601261101,0.0129706192900303,0.0122332409139535,0.0115230613635577,0.0108137586331617,0.0101125619528272,0.00943068968405991,0.00877966788006616,0.00817084621708746,0.00760709720800788,0.00707535884786699,0.00662637979059574,0.00621331002852349,0.00584066787694781,0.00552576330851627,0.00522194124904081,0.00494972108861916,0.00470339023548569,0.00448081591309471,0.00425626804055057,0.00407618789816986,0.00391065218518653,0.00376740112631459,0.00362586867319305,Delta
HFRXGL,0.000699352815268116,0.215100734614947,0.119377086382522,0.099307532371081,0.0873749124468734,0.0789748762552376,0.0725520382186022,0.06716174022293,0.0623755384347608,0.0578767316488374,0.0530990339892701,0.047389843702001,0.0402993502505005,0.0341534811241394,0.0299643300898165,0.0268022104863684,0.0243620951068105,0.022350956103408,0.0206003132345501,0.0191965756639333,0.0179647378001479,0.0168353253589384,0.0158091440759814,0.0148646407517252,0.013984991421387,0.0131480047403818,0.0123555400802542,0.0115954954231277,0.0108604810807022,0.0101261508950064,0.00943633349196681,0.00876229127581326,0.0081097518500416,0.0074884998609029,0.00690758812211453,0.00637584832116857,0.00588860342594677,0.00543597599904498,0.00505874025367789,0.00471258514439841,0.00440546266523055,0.00414786268074768,0.00390116253818175,0.00367656486907767,0.00348043750321243,0.00330397785686432,0.00313076170412432,0.00298849600699582,0.00285824393797475,0.00274286888108737,0.00263551763490328,Delta
ILS,0.000313869543492331,0.0253463767798699,0.0200750948344693,0.0200785485118205,0.0203532021572214,0.0205446868409763,0.0206627793317891,0.0206579816045546,0.0205407223581312,0.0202544206767096,0.0195979730255643,0.0182987349822915,0.0162659481317235,0.0143605585388629,0.0130860893656255,0.0121363867518395,0.0114234977684605,0.0108174357967646,0.0102988923438455,0.00988691373639766,0.00952118043968626,0.00917236362821631,0.0088465929739957,0.00853757050799797,0.00823462247455392,0.00792580020095534,0.00762500074940737,0.00731540032369727,0.0069949242597753,0.00663399942984752,0.00629579346005411,0.005944662783917,0.00558348641253689,0.00521956200579476,0.00485733204806579,0.00451772934325802,0.00418234311915689,0.00387527173566728,0.00361043971226036,0.00337027330644537,0.00314443140104298,0.00295117400877124,0.00276623364824784,0.00260232484178461,0.00245207848917633,0.00231654703081031,0.00217398109067461,0.00206574483017245,0.00196643323154162,0.00188593251080936,0.00179536020498559,Delta
Industrial Metals,0.00335689351328696,-0.000151333634064585,-0.00382070178341402,-0.00530809700925211,-0.00640583370949331,-0.00730630303171369,-0.00803919253137587,-0.0087205805955714,-0.00923028976441467,-0.00963920095065585,-0.00986596568238758,-0.00979472474384812,-0.00937970954321382,-0.0089220299857674,-0.00863219165310744,-0.00842823803219886,-0.00828142174495293,-0.00815781277077145,-0.00806105234505073,-0.00798137240351994,-0.00790668939950202,-0.00782533711602469,-0.00774081445235853,-0.00764924228256661,-0.00754497467177121,-0.00744853839475589,-0.00731029280636818,-0.00715531861403702,-0.00698328581248961,-0.00679594717350568,-0.00658106223536926,-0.00634055980051265,-0.00607752478238273,-0.00579801702963707,-0.00551285391589226,-0.00521893423797495,-0.00493893524444671,-0.0046636580292805,-0.00441513476433941,-0.00417819870823669,-0.00396450883174709,-0.00377529325856902,-0.00359454146854014,-0.00339967311657991,-0.00325369928988018,-0.00311951573362956,-0.00300486801577638,-0.00288969592375878,-0.00278310777131465,-0.00269132651304645,-0.0026031522643754,Delta
Infrastructure,0.0205350743354276,0.080684203226576,0.0508936892883517,0.0481517609135711,0.0469491766755085,0.0459284056823123,0.0449297795557062,0.0438974600041839,0.0426444409312341,0.0409596181665168,0.0385318837137409,0.0345838826159574,0.0283709613615651,0.0226699313480877,0.0189899622676151,0.0162330401120877,0.0141963933659831,0.0126212271088388,0.0112895964859567,0.0103182077182316,0.00951801476895357,0.00880339803731041,0.00819424229098105,0.00767169516350489,0.00722179777047661,0.00684949933173338,0.00650473632958289,0.00620143169873436,0.00593012966526957,0.00570491739023026,0.00545140151984058,0.00521436560532683,0.00498511089657067,0.00475620368600067,0.00451652326389818,0.00428246302044358,0.00405034112601969,0.00383463083672144,0.00364540714442451,0.00343507597266511,0.00323012681280811,0.00302815353211992,0.00285498298896103,0.00268741954924007,0.00253854457707277,0.00240089649368052,0.00228090664333135,0.00216217388724334,0.00205126701685948,0.00194531238444278,0.00184803309127877,Delta
Properties,0.00951127102033917,0.0258377670732819,0.013170755203562,0.0117196047899945,0.0111292717356891,0.0108365588869635,0.0105453382270087,0.0104445006670043,0.0102741617351394,0.0099790629450093,0.00941746247241499,0.00841643403621957,0.00663306694173663,0.00496423119760064,0.00390497575081867,0.00318829113878562,0.00267766116170108,0.00231390255183767,0.00202951026433349,0.00186389502128321,0.00175562293506215,0.00167638975400956,0.00163679565325653,0.00163046432929293,0.00164190742017292,0.00169034585682282,0.00174960979366016,0.00182386464130026,0.0019128767740902,0.00201507390866671,0.00211278755195981,0.00220940547296614,0.00229911439867681,0.00237289165238131,0.00244359413424662,0.00246201374358602,0.00247008879139267,0.00248026370163995,0.00246825352256834,0.00241117700089413,0.00237024943294507,0.00232701672284826,0.0022766397155944,0.0022202943427768,0.00216787008207824,0.00211539171132258,0.00207266463480476,0.00202015594455816,0.00196896196091956,0.00190862563139347,0.00187524692158973,Delta
ExpReturn,0.0885813109269157,0.0821244201849542,0.0643096855046491,0.0619391839825531,0.0607766119975577,0.0600955735752629,0.0596940948292112,0.0594971692201218,0.0594785082752345,0.0596547221528193,0.0600990922554996,0.0610424888113031,0.0625885415370788,0.0638692883455553,0.0645821063828387,0.0650458036412587,0.0653371373947218,0.0655235897721554,0.065668607087136,0.065774897140972,0.0658282963626461,0.0658779703172748,0.0659136897721717,0.0659386902259304,0.0659553107519987,0.0659644876825934,0.0659684658317914,0.0659678159245144,0.0659631068590473,0.0659562154229401,0.0659428041747056,0.0659264878281498,0.0659073113220621,0.0658852130120732,0.0658603520948798,0.0658343710852416,0.0658052804050405,0.0657759668929331,0.0657447663994729,0.065712539328884,0.0656806707788237,0.0656487869764561,0.0656178673042054,0.0655876162119651,0.0655576105681169,0.0655282209019404,0.0654994936488417,0.0654713531880348,0.065446688140219,0.0654185532982078,0.0653922781515233,Metrics
RiskAdjReturn,0.059848507464263,0.0728170245744944,0.0600785440441429,0.0580971345496677,0.0570471857571187,0.0563613375865,0.0558793340089805,0.0555241061720637,0.0552589967925441,0.0550526786504777,0.0548705824983298,0.0546252937531142,0.0539830133628938,0.0529381687314721,0.0519461864577935,0.0510566776404058,0.0502712545676896,0.0495620471918565,0.0489159815578315,0.0483595846523728,0.0478497162891991,0.0473649912741341,0.0469126989048354,0.0464876481581287,0.0460854437628988,0.0457007618466738,0.0453327668889143,0.0449785185108114,0.0446351416035318,0.0442956334971147,0.043967436434615,0.0436460361694033,0.0433317057200526,0.0430262170969753,0.0427315035341145,0.0424509761039562,0.0421849945430832,0.0419312129274638,0.0417001401604602,0.0414855261647009,0.0412848472622598,0.0411028515983072,0.0409277569283966,0.0407618783551995,0.0406095561527062,0.0404667711602489,0.0403276068234122,0.040202059363438,0.040089390361294,0.0399779803352058,0.0398707129602647,Metrics
Vol,0.0948381613364627,0.0564128464976583,0.0377483087827936,0.0358627908154204,0.0352525358533363,0.0352021833221366,0.0355141529990999,0.0361778897695671,0.0372188866218169,0.0388036487917048,0.0412905160074812,0.045668477553508,0.0528228979682718,0.0595149438811931,0.0639894517764765,0.0673369432578344,0.0698904967188135,0.0719492074386289,0.073721440522672,0.0751751990621749,0.0763911985890913,0.0775278366119003,0.0785522464515265,0.0794859214279152,0.0803456067444215,0.0811461501564547,0.0818954330196865,0.0826017308585537,0.0832728680944188,0.0839269802376105,0.0845416487207713,0.0851333479592302,0.0857021086322701,0.0862448884485923,0.0867588100481909,0.0872410336832493,0.0876876652564864,0.0881089647966641,0.0884827227302171,0.0888225866009507,0.0891361650497595,0.0894143086914049,0.0896807053284867,0.0899307093146154,0.0901557204315404,0.0903639266055061,0.0905662552973096,0.0907445145904535,0.0909052962018811,0.0910573264029225,0.0912049617756356,Metrics
Sharpe,0.591336969597637,0.879665240558535,0.842678427997511,0.820883799425191,0.802115686519657,0.783916535026668,0.765725563830859,0.746233939903035,0.724860701755122,0.699798163275416,0.668412384347513,0.624993219400866,0.569611715645582,0.527082549353928,0.501365545291834,0.483327606907254,0.469836944024502,0.458984760885987,0.44991805439471,0.44263131399827,0.436284506307057,0.430528849713205,0.425368990469175,0.420686954686127,0.416392533550959,0.412397724575619,0.408673165251425,0.405170879310318,0.401848856954287,0.398634805258336,0.39557785636713,0.392636829508427,0.389807343777338,0.387097874582713,0.38451832241993,0.38209509536843,0.379817164793047,0.37766834475614,0.375720427374685,0.373919974635467,0.372247008386561,0.370732463982497,0.369286427698128,0.367923443105633,0.366672357670517,0.365502276656578,0.364368533738216,0.363342658637169,0.362428697961135,0.361514604025879,0.36064132379594,Metrics
TE,0,0.0797437466570112,0.0787323642551506,0.0778975379687747,0.0768599985644583,0.0755652343966754,0.0740897518464172,0.0723019448092847,0.0701495423745567,0.0674003446789041,0.0636479610117805,0.0579014537998393,0.0497001920180219,0.0427244451779779,0.0382209059898184,0.0348810068476943,0.0323049427813534,0.0301803678850257,0.0283512848747141,0.0268269473992417,0.0255123262074326,0.0242771581588953,0.0231517362598529,0.0221161501756515,0.0211547249904689,0.0202521108250375,0.0194039009033058,0.0186006759105301,0.0178353632527417,0.0170920556788817,0.016390403994442,0.0157155581087116,0.0150682343942935,0.0144517454958979,0.0138689237714444,0.0133228828411316,0.0128140867491975,0.0123363605417714,0.0119013700964264,0.0115029784241154,0.0111332374100793,0.0107970278366325,0.0104765219869349,0.0101738200083467,0.00989546532423042,0.00963439155521336,0.00938341367718774,0.00915284509164421,0.00894360531299064,0.00873740222078824,0.00854006258196773,Metrics
